date,campaign_id,impressions,clicks,leads,purchases,revenue,cost
2025-07-15,C001,10662,122,9,1,64.13,111.54
2025-07-16,C001,4759,63,4,0,0.0,62.67
2025-07-17,C001,8581,127,10,1,50.49,124.47
2025-07-18,C001,11141,200,16,1,45.87,212.63
2025-07-19,C001,9997,96,8,1,45.9,86.9
2025-07-20,C001,9166,121,9,1,60.8,131.86
2025-07-21,C001,5029,72,6,0,0.0,70.64
2025-07-22,C001,5886,95,7,0,0.0,87.23
2025-07-23,C001,10414,191,17,2,159.16,189.42
2025-07-24,C001,8128,115,8,1,45.1,117.8
2025-07-25,C001,10126,160,16,2,80.9,150.98
2025-07-26,C001,7027,125,10,1,47.04,119.14
2025-07-27,C001,6755,99,9,1,31.96,96.91
2025-07-28,C001,9234,166,9,1,65.97,132.76
2025-07-29,C001,10778,173,12,1,71.61,168.18
2025-07-30,C001,9300,109,8,1,63.52,113.9
2025-07-31,C001,7253,128,9,1,61.39,131.87
2025-08-01,C001,11485,185,16,2,172.93,172.14
2025-08-02,C001,10631,136,11,1,40.09,113.03
2025-08-03,C001,6609,99,8,1,42.33,72.32
2025-08-04,C001,7937,120,10,1,67.97,116.61
2025-08-05,C001,7923,107,8,1,54.35,106.95
2025-08-06,C001,8462,136,7,0,0.0,99.05
2025-08-07,C001,9626,127,10,1,74.67,119.82
2025-08-08,C001,10357,123,8,0,0.0,112.67
2025-08-09,C001,15351,161,13,1,64.6,150.95
2025-08-10,C001,9278,115,8,0,0.0,113.92
2025-08-11,C001,8746,130,12,1,41.57,136.68
2025-08-12,C001,9946,148,11,1,82.02,169.8
2025-08-13,C001,8380,140,9,1,58.69,137.17
2025-08-14,C001,4322,37,2,0,0.0,41.96
2025-08-15,C001,6680,99,7,0,0.0,99.87
2025-08-16,C001,10520,117,9,1,61.63,127.08
2025-08-17,C001,9858,136,10,1,64.08,118.2
2025-08-18,C001,9949,148,11,1,55.36,153.75
2025-08-19,C001,5112,45,2,0,0.0,39.67
2025-08-20,C001,1578,19,2,0,0.0,18.89
2025-08-21,C001,5164,73,5,0,0.0,73.98
2025-08-22,C001,7505,135,9,1,74.76,125.8
2025-08-23,C001,7868,139,11,1,77.46,127.27
2025-08-24,C001,5833,88,5,0,0.0,93.2
2025-08-25,C001,3614,35,2,0,0.0,32.41
2025-08-26,C001,6318,72,6,0,0.0,72.21
2025-08-27,C001,9293,128,9,1,46.82,106.47
2025-08-28,C001,5135,76,6,0,0.0,77.54
2025-10-28,C002,5934,91,7,0,0.0,88.72
2025-10-29,C002,6793,70,6,0,0.0,68.92
2025-10-30,C002,3751,49,3,0,0.0,41.07
2025-10-31,C002,7072,127,8,1,80.49,100.72
2025-11-01,C002,6554,83,7,1,38.06,82.91
2025-11-02,C002,10656,132,9,1,68.0,131.02
2025-11-03,C002,6922,78,6,0,0.0,68.12
2025-11-04,C002,7699,112,8,1,53.8,106.74
2025-11-05,C002,6854,104,7,0,0.0,88.52
2025-11-06,C002,7827,159,11,1,55.34,146.73
2025-11-07,C002,5677,87,7,0,0.0,99.62
2025-11-08,C002,8681,118,10,1,60.94,107.72
2025-11-09,C002,10948,199,13,1,62.77,172.62
2025-11-10,C002,10879,143,8,1,48.35,131.2
2025-11-11,C002,4789,47,4,0,0.0,48.15
2025-11-12,C002,7138,76,6,0,0.0,75.23
2025-11-13,C002,8484,136,11,1,52.85,123.57
2025-11-14,C002,9594,170,12,1,62.71,157.53
2025-11-15,C002,4959,59,4,0,0.0,50.92
2025-11-16,C002,12401,165,11,1,71.38,141.45
2025-11-17,C002,8873,119,10,1,67.28,101.35
2025-11-18,C002,8375,91,5,0,0.0,77.61
2025-11-19,C002,11250,92,5,0,0.0,89.87
2025-11-20,C002,7089,79,6,0,0.0,73.64
2025-11-21,C002,9659,154,13,1,32.48,160.96
2025-11-22,C002,8745,81,6,0,0.0,80.92
2025-11-23,C002,7504,105,8,0,0.0,117.56
2025-11-24,C002,7578,122,10,1,73.75,123.26
2025-11-25,C002,10664,158,9,1,52.44,130.89
2025-11-26,C002,14265,248,20,3,177.43,240.38
2025-11-27,C002,7827,110,7,0,0.0,123.28
2025-11-28,C002,8973,131,10,1,46.23,122.57
2025-11-29,C002,5779,88,7,0,0.0,91.92
2025-11-30,C002,12675,178,12,1,63.07,175.51
2025-12-01,C002,11261,153,9,1,61.56,142.41
2025-12-02,C002,7466,95,6,0,0.0,92.45
2025-12-03,C002,5532,70,6,0,0.0,54.12
2025-12-04,C002,7374,101,9,0,0.0,110.93
2025-12-05,C002,5618,67,4,0,0.0,75.34
2025-12-06,C002,11373,160,16,2,121.09,157.56
2025-12-07,C002,13242,161,14,1,53.22,166.85
2025-12-08,C002,7256,101,8,1,36.14,102.35
2025-12-09,C002,3790,52,4,0,0.0,42.77
2025-12-10,C002,5303,73,6,0,0.0,69.79
2025-12-11,C002,2568,35,2,0,0.0,34.0
2025-12-12,C002,5065,55,3,0,0.0,50.0
2025-12-13,C002,2870,34,2,0,0.0,31.29
2025-12-14,C002,6464,76,6,0,0.0,72.94
2025-12-15,C002,7977,99,10,1,43.93,94.71
2025-06-15,C003,5885,132,8,0,0.0,103.1
2025-06-16,C003,9646,252,10,0,0.0,178.5
2025-06-17,C003,6587,185,10,1,42.91,130.48
2025-06-18,C003,8280,210,15,1,50.31,130.08
2025-06-19,C003,9178,222,13,1,49.42,174.05
2025-06-20,C003,7207,160,5,0,0.0,92.7
2025-06-21,C003,10444,173,9,1,40.64,148.26
2025-06-22,C003,9862,267,16,1,44.01,186.23
2025-06-23,C003,6181,112,7,0,0.0,77.57
2025-06-24,C003,9418,162,8,0,0.0,97.33
2025-06-25,C003,9447,143,8,0,0.0,106.43
2025-06-26,C003,7318,145,8,0,0.0,119.71
2025-06-27,C003,9271,207,13,1,46.18,156.84
2025-06-28,C003,7801,151,9,0,0.0,112.78
2025-06-29,C003,10930,245,11,1,40.49,143.12
2025-06-30,C003,5569,118,6,0,0.0,85.41
2025-07-01,C003,9787,228,9,0,0.0,160.18
2025-07-02,C003,10863,276,17,1,49.37,183.0
2025-07-03,C003,10848,204,13,1,36.41,156.71
2025-07-04,C003,9807,177,9,0,0.0,112.06
2025-07-05,C003,7514,151,9,1,32.6,121.26
2025-07-06,C003,11595,248,15,1,58.09,165.68
2025-07-07,C003,8612,178,8,0,0.0,123.64
2025-07-08,C003,6291,126,5,0,0.0,99.83
2025-07-09,C003,9980,263,16,1,48.89,185.24
2025-07-10,C003,7817,122,5,0,0.0,80.31
2025-07-11,C003,10075,218,11,1,59.21,160.15
2025-07-12,C003,13869,350,22,2,99.35,218.12
2025-07-13,C003,6785,122,8,0,0.0,83.08
2025-07-14,C003,6486,138,8,0,0.0,100.0
2025-07-15,C003,7684,161,8,0,0.0,109.66
2025-07-16,C003,9125,183,7,0,0.0,119.31
2025-07-17,C003,8467,219,13,1,44.2,153.36
2025-07-18,C003,3877,52,2,0,0.0,38.12
2025-07-19,C003,9977,248,15,1,47.45,163.85
2025-07-20,C003,9137,191,13,0,0.0,117.83
2025-07-21,C003,6274,96,4,0,0.0,79.31
2025-07-22,C003,5934,98,4,0,0.0,68.02
2025-07-23,C003,4411,95,6,0,0.0,72.18
2025-07-24,C003,6853,143,6,0,0.0,106.24
2025-07-25,C003,8678,215,12,1,62.4,180.01
2025-07-26,C003,4762,126,6,0,0.0,91.91
2025-07-27,C003,5861,108,5,0,0.0,77.85
2025-07-28,C003,5838,118,6,0,0.0,67.64
2025-07-29,C003,3022,78,4,0,0.0,58.87
2025-09-13,C004,8330,131,9,1,65.68,117.61
2025-09-14,C004,5136,73,6,0,0.0,73.31
2025-09-15,C004,10858,186,12,2,105.47,195.16
2025-09-16,C004,6702,63,4,0,0.0,68.93
2025-09-17,C004,7241,88,6,0,0.0,98.14
2025-09-18,C004,8817,125,11,1,58.42,117.38
2025-09-19,C004,7929,123,10,1,76.1,112.47
2025-09-20,C004,7790,109,7,1,63.29,101.29
2025-09-21,C004,4760,42,3,0,0.0,34.61
2025-09-22,C004,11555,185,15,1,54.34,138.33
2025-09-23,C004,9756,97,6,0,0.0,92.64
2025-09-24,C004,6819,108,8,0,0.0,115.25
2025-09-25,C004,4862,53,4,0,0.0,53.2
2025-09-26,C004,9319,139,8,1,50.03,124.65
2025-09-27,C004,5740,83,7,1,40.25,77.87
2025-09-28,C004,5531,62,5,0,0.0,69.85
2025-09-29,C004,10088,210,16,1,64.05,208.26
2025-09-30,C004,5808,115,9,1,69.81,108.06
2025-10-01,C004,9217,99,8,1,64.5,90.51
2025-10-02,C004,7115,95,7,1,38.55,98.03
2025-10-03,C004,8845,98,9,1,70.32,79.0
2025-10-04,C004,11880,118,9,1,65.56,114.09
2025-10-05,C004,13945,238,10,1,57.06,186.49
2025-10-06,C004,11455,129,10,1,51.07,140.66
2025-10-07,C004,9097,84,8,1,56.85,84.39
2025-10-08,C004,9432,124,9,1,52.15,125.98
2025-10-09,C004,10600,148,12,1,85.31,118.55
2025-10-10,C004,13727,162,17,2,140.92,154.33
2025-10-11,C004,9564,143,13,1,48.24,147.05
2025-10-12,C004,13333,211,16,1,48.76,167.67
2025-10-13,C004,8957,115,5,0,0.0,101.99
2025-10-14,C004,6047,106,8,1,86.44,115.97
2025-10-15,C004,7143,94,8,1,54.34,102.4
2025-10-16,C004,13197,187,18,2,140.73,164.78
2025-10-17,C004,8443,139,11,1,42.95,113.2
2025-10-18,C004,7766,130,10,0,0.0,121.49
2025-10-19,C004,7634,99,9,1,65.65,95.13
2025-10-20,C004,10059,120,10,1,62.87,116.04
2025-10-21,C004,7387,91,6,0,0.0,89.24
2025-10-22,C004,8008,88,6,0,0.0,86.36
2025-10-23,C004,8534,74,5,0,0.0,70.78
2025-10-24,C004,9998,89,5,0,0.0,95.64
2025-10-25,C004,4425,47,2,0,0.0,42.75
2025-10-26,C004,12560,170,9,1,65.55,166.5
2025-10-27,C004,5892,112,7,1,39.09,96.5
2025-10-28,C004,8036,129,10,1,75.09,119.65
2025-10-29,C004,4520,69,5,0,0.0,61.74
2025-10-30,C004,4470,55,3,0,0.0,51.49
2025-10-31,C004,6835,81,5,0,0.0,68.0
2025-11-01,C004,9432,94,7,0,0.0,89.18
2025-11-02,C004,4410,62,5,0,0.0,65.91
2025-11-03,C004,7361,90,7,0,0.0,93.56
2025-11-04,C004,5094,53,3,0,0.0,52.25
2025-11-05,C004,7268,106,10,1,58.35,112.11
2025-11-06,C004,4722,62,5,0,0.0,57.62
2025-11-07,C004,6306,84,6,0,0.0,84.05
2025-11-08,C004,5326,78,5,0,0.0,79.75
2025-11-09,C004,8186,137,7,1,63.43,144.18
2025-11-10,C004,3979,57,4,0,0.0,44.59
2025-05-31,C005,9266,312,34,8,306.17,347.18
2025-06-01,C005,7058,241,39,8,509.81,308.87
2025-06-02,C005,9857,321,43,7,558.25,347.18
2025-06-03,C005,8703,435,50,10,1006.15,347.18
2025-06-04,C005,7655,268,39,7,508.75,303.98
2025-06-05,C005,9136,306,32,8,635.16,347.18
2025-06-06,C005,5066,144,18,4,258.14,206.85
2025-06-07,C005,9652,329,52,10,507.27,347.18
2025-06-08,C005,6461,242,31,9,434.54,333.35
2025-06-09,C005,6706,240,21,4,408.65,309.31
2025-06-10,C005,11605,394,50,7,584.41,347.18
2025-06-11,C005,8150,255,32,7,379.34,347.18
2025-06-12,C005,6077,286,46,10,600.8,347.18
2025-06-13,C005,8579,295,41,8,421.27,347.18
2025-06-14,C005,6914,233,28,6,409.49,347.18
2025-06-15,C005,6509,255,31,6,471.87,327.32
2025-06-16,C005,6792,211,26,5,451.34,302.76
2025-06-17,C005,13640,388,54,9,562.42,347.18
2025-06-18,C005,4537,154,17,4,241.67,266.31
2025-06-19,C005,6457,173,30,7,548.76,202.1
2025-06-20,C005,4779,211,33,7,265.59,256.84
2025-06-21,C005,9904,415,44,10,890.3,347.18
2025-06-22,C005,7171,237,23,4,276.62,315.21
2025-10-28,C006,5986,208,31,6,407.62,266.07
2025-10-29,C006,6326,221,31,7,315.69,239.46
2025-10-30,C006,7761,279,36,8,702.42,266.07
2025-10-31,C006,3611,143,23,5,304.91,206.06
2025-11-01,C006,13762,405,54,13,973.05,266.07
2025-11-02,C006,11048,392,56,11,1054.66,266.07
2025-11-03,C006,7625,309,33,5,219.21,266.07
2025-11-04,C006,6546,256,32,7,486.99,266.07
2025-11-05,C006,7472,253,40,9,479.92,266.07
2025-11-06,C006,10148,420,61,13,921.78,266.07
2025-11-07,C006,8929,361,46,9,506.91,266.07
2025-11-08,C006,9520,441,74,12,1016.73,266.07
2025-11-09,C006,10025,224,32,5,384.77,255.19
2025-11-10,C006,11637,349,40,5,350.29,266.07
2025-11-11,C006,7661,246,28,5,449.28,266.07
2025-11-12,C006,9307,257,36,8,536.37,266.07
2025-11-13,C006,8103,311,24,6,173.37,266.07
2025-11-14,C006,7963,205,23,5,227.81,266.07
2025-11-15,C006,6009,188,22,5,424.2,210.17
2025-11-16,C006,6184,266,29,7,514.55,266.07
2025-11-17,C006,5097,137,19,3,125.19,177.93
2025-11-18,C006,4245,124,15,4,299.34,171.51
2025-11-19,C006,4214,153,18,4,224.8,200.64
2025-11-20,C006,5910,183,24,5,315.66,259.03
2025-11-21,C006,5887,190,29,6,416.77,259.19
2025-10-13,C007,5826,92,5,0,0.0,91.67
2025-10-14,C007,6416,90,6,0,0.0,87.2
2025-10-15,C007,5373,56,4,0,0.0,58.33
2025-10-16,C007,8257,121,9,1,85.13,109.75
2025-10-17,C007,7676,112,7,1,57.89,94.58
2025-10-18,C007,11557,124,12,1,58.88,136.53
2025-10-19,C007,8978,110,9,1,59.17,96.24
2025-10-20,C007,7786,82,5,0,0.0,79.5
2025-10-21,C007,9810,125,10,1,60.34,127.5
2025-10-22,C007,9363,107,8,1,66.79,121.13
2025-10-23,C007,4851,55,4,0,0.0,46.38
2025-10-24,C007,6230,105,12,1,65.88,94.83
2025-10-25,C007,6315,71,4,0,0.0,70.01
2025-10-26,C007,8817,144,11,1,56.69,132.12
2025-10-27,C007,3606,48,3,0,0.0,45.85
2025-10-28,C007,4883,73,6,0,0.0,76.44
2025-10-29,C007,9152,117,8,1,61.3,118.15
2025-10-30,C007,10554,150,13,2,99.01,116.73
2025-10-31,C007,11012,106,7,1,55.7,95.54
2025-11-01,C007,8823,105,8,1,64.86,108.84
2025-11-02,C007,11751,156,12,1,61.54,159.65
2025-11-03,C007,9703,116,9,1,61.28,134.52
2025-11-04,C007,9304,155,12,2,109.08,152.02
2025-11-05,C007,7319,107,9,1,73.86,100.68
2025-11-06,C007,13896,208,14,1,47.88,216.11
2025-11-07,C007,8450,116,10,1,46.31,112.67
2025-11-08,C007,11234,134,11,1,52.85,115.28
2025-11-09,C007,12719,197,18,3,116.49,173.33
2025-11-10,C007,5971,67,5,0,0.0,63.98
2025-11-11,C007,9509,147,11,2,123.53,113.64
2025-11-12,C007,3969,55,4,0,0.0,55.12
2025-11-13,C007,6475,74,5,0,0.0,69.03
2025-11-14,C007,7182,85,6,0,0.0,85.63
2025-11-15,C007,8952,115,9,1,53.88,117.89
2025-11-16,C007,12313,227,15,2,118.27,213.54
2025-11-17,C007,4192,59,4,0,0.0,49.89
2025-11-18,C007,7457,115,12,1,64.72,97.48
2025-11-19,C007,8035,93,6,0,0.0,80.38
2025-11-20,C007,8405,100,6,0,0.0,89.11
2025-11-21,C007,4351,60,5,0,0.0,60.85
2025-11-22,C007,6608,72,6,0,0.0,72.17
2025-11-23,C007,4171,59,4,0,0.0,59.46
2025-11-24,C007,3280,42,3,0,0.0,43.52
2025-11-25,C007,1527,16,1,0,0.0,17.08
2025-11-26,C007,7441,109,9,1,67.23,127.13
2025-09-13,C008,5673,214,35,9,609.18,86.04
2025-09-14,C008,15098,457,59,12,800.94,86.04
2025-09-15,C008,4364,162,21,5,370.99,86.04
2025-09-16,C008,9122,335,56,12,976.11,86.04
2025-09-17,C008,7863,385,51,11,1018.77,86.04
2025-09-18,C008,3120,119,11,2,153.02,86.04
2025-09-19,C008,4159,152,21,4,301.01,86.04
2025-09-20,C008,12035,485,82,17,741.02,86.04
2025-09-21,C008,7340,248,31,8,680.74,86.04
2025-09-22,C008,8173,296,34,5,381.11,86.04
2025-09-23,C008,12250,549,65,13,1054.42,86.04
2025-09-24,C008,11672,380,46,11,634.81,86.04
2025-09-25,C008,10736,351,31,7,445.58,86.04
2025-09-26,C008,7283,291,31,6,504.74,86.04
2025-09-27,C008,8573,360,50,7,591.14,86.04
2025-09-28,C008,7465,206,26,5,322.33,86.04
2025-09-29,C008,9441,347,43,8,396.94,86.04
2025-09-30,C008,3258,103,12,3,146.4,86.04
2025-10-01,C008,12302,372,47,11,435.15,86.04
2025-10-02,C008,10933,352,50,12,1262.18,86.04
2025-10-03,C008,11913,302,48,8,604.13,86.04
2025-10-04,C008,6426,236,37,7,525.26,86.04
2025-10-05,C008,10034,402,78,16,1075.53,86.04
2025-10-06,C008,8035,260,39,7,475.47,86.04
2025-10-07,C008,8081,189,18,3,163.7,86.04
2025-10-08,C008,6052,182,23,6,502.78,86.04
2025-10-09,C008,7243,268,40,7,521.78,86.04
2025-10-10,C008,10497,348,61,11,849.4,86.04
2025-10-11,C008,9588,342,53,14,1035.53,86.04
2025-10-12,C008,10922,329,53,15,1082.9,86.04
2025-10-13,C008,10682,411,59,14,1136.38,86.04
2025-10-14,C008,13468,501,79,16,1041.57,86.04
2025-10-15,C008,10920,390,49,10,952.53,86.04
2025-10-16,C008,6735,311,42,6,612.1,86.04
2025-10-17,C008,8114,339,43,11,902.27,86.04
2025-10-18,C008,10080,419,51,8,664.75,86.04
2025-10-19,C008,11913,392,61,13,868.28,86.04
2025-10-20,C008,6307,240,25,5,337.91,86.04
2025-10-21,C008,8281,180,28,7,672.38,86.04
2025-10-22,C008,11494,524,85,16,1231.68,86.04
2025-10-23,C008,7449,367,56,15,1150.61,86.04
2025-10-24,C008,7069,204,33,8,474.65,86.04
2025-10-25,C008,10293,390,62,13,1233.32,86.04
2025-10-26,C008,8129,395,59,14,702.78,86.04
2025-10-27,C008,10036,230,37,7,664.21,86.04
2025-10-28,C008,10655,312,37,7,603.7,86.04
2025-10-29,C008,7668,239,31,4,255.8,86.04
2025-10-30,C008,7115,323,40,7,677.27,86.04
2025-10-31,C008,7003,304,51,9,660.35,86.04
2025-11-01,C008,7703,269,44,11,760.4,86.04
2025-11-02,C008,8097,313,43,8,478.71,86.04
2025-11-03,C008,10334,328,47,14,816.91,86.04
2025-11-04,C008,6839,238,30,6,359.59,86.04
2025-11-05,C008,5823,178,23,3,203.24,86.04
2025-11-06,C008,6435,224,28,6,571.51,86.04
2025-11-07,C008,7120,265,45,10,477.53,86.04
2025-11-08,C008,8808,363,45,7,532.63,86.04
2025-11-09,C008,10221,234,26,4,292.25,86.04
2025-11-10,C008,9893,377,53,12,734.91,86.04
2025-11-11,C008,7071,300,43,9,719.32,86.04
2025-11-12,C008,6734,233,36,7,399.87,86.04
2025-11-13,C008,6831,246,39,7,536.2,86.04
2025-11-14,C008,5371,168,22,4,285.96,86.04
2025-11-15,C008,4462,119,20,4,294.48,86.04
2025-11-16,C008,6067,306,51,9,752.26,86.04
2025-11-17,C008,6114,258,41,8,572.25,86.04
2025-11-18,C008,5798,143,20,5,281.38,86.04
2025-11-19,C008,7426,300,37,6,396.62,86.04
2025-11-20,C008,4613,108,19,4,341.58,86.04
2025-11-21,C008,5881,199,26,7,575.59,86.04
2025-08-29,C009,5723,101,7,1,71.58,99.64
2025-08-30,C009,8473,117,8,1,76.46,109.94
2025-08-31,C009,6674,111,9,1,55.96,111.5
2025-09-01,C009,6395,105,9,1,48.9,100.83
2025-09-02,C009,4792,70,4,0,0.0,63.7
2025-09-03,C009,7063,89,5,0,0.0,91.68
2025-09-04,C009,6647,104,7,0,0.0,117.0
2025-09-05,C009,5597,113,7,1,70.45,96.66
2025-09-06,C009,9172,141,11,1,59.89,131.7
2025-09-07,C009,11589,183,13,1,52.3,163.06
2025-09-08,C009,10662,145,14,2,123.74,126.43
2025-09-09,C009,9292,133,10,1,41.67,134.35
2025-09-10,C009,12668,142,9,1,77.05,135.77
2025-09-11,C009,4735,58,3,0,0.0,42.74
2025-09-12,C009,5944,70,5,0,0.0,71.5
2025-09-13,C009,10715,158,13,1,54.31,145.11
2025-09-14,C009,9457,130,9,1,44.72,135.59
2025-09-15,C009,6637,106,7,0,0.0,95.29
2025-09-16,C009,8068,136,10,1,65.42,122.93
2025-09-17,C009,10381,86,7,1,77.6,96.66
2025-09-18,C009,9158,111,9,1,51.4,98.32
2025-09-19,C009,11392,167,10,1,50.2,172.45
2025-09-20,C009,14313,173,8,0,0.0,157.76
2025-09-21,C009,12808,220,17,2,114.88,194.63
2025-09-22,C009,11572,183,17,1,67.91,168.73
2025-09-23,C009,2969,33,2,0,0.0,37.47
2025-09-24,C009,7522,111,7,0,0.0,120.32
2025-09-25,C009,12367,172,15,2,117.27,153.86
2025-09-26,C009,9838,118,9,1,86.14,111.09
2025-09-27,C009,11536,169,10,1,61.48,186.01
2025-09-28,C009,13864,216,21,2,174.41,194.63
2025-09-29,C009,5539,110,9,1,73.74,111.69
2025-09-30,C009,6569,87,6,0,0.0,80.42
2025-10-01,C009,14485,189,14,1,70.65,169.37
2025-10-02,C009,9683,144,7,0,0.0,142.3
2025-10-03,C009,7150,100,8,0,0.0,97.59
2025-10-04,C009,10489,114,9,1,64.74,109.81
2025-10-05,C009,7226,99,9,1,48.5,89.42
2025-10-06,C009,7328,111,9,1,75.8,115.95
2025-10-07,C009,5370,74,5,0,0.0,66.96
2025-10-08,C009,6490,110,9,1,61.01,101.47
2025-10-09,C009,8014,120,12,1,69.14,116.37
2025-10-10,C009,7160,123,8,1,38.64,102.14
2025-10-11,C009,8387,93,7,0,0.0,94.88
2025-10-12,C009,5548,79,7,1,51.15,82.09
2025-10-13,C009,9286,103,9,1,82.76,103.64
2025-10-14,C009,5342,85,7,0,0.0,86.87
2025-10-15,C009,4766,56,4,0,0.0,57.35
2025-10-16,C009,8260,101,7,0,0.0,99.15
2025-10-17,C009,7925,121,10,1,58.5,119.7
2025-10-18,C009,7468,117,8,1,51.64,105.3
2025-10-19,C009,8352,139,12,2,113.53,172.08
2025-10-20,C009,6510,84,7,1,57.66,93.98
2025-10-21,C009,6785,79,6,0,0.0,69.22
2025-10-22,C009,7506,77,5,0,0.0,77.21
2025-10-23,C009,5430,80,5,0,0.0,66.97
2025-10-24,C009,7707,126,10,1,38.22,130.03
2025-06-15,C010,9752,187,14,1,58.32,167.93
2025-06-16,C010,5251,77,6,0,0.0,56.14
2025-06-17,C010,6784,96,8,1,50.3,79.92
2025-06-18,C010,7517,121,12,1,83.02,107.26
2025-06-19,C010,8080,153,15,2,137.12,129.25
2025-06-20,C010,6199,132,12,1,84.43,137.27
2025-06-21,C010,13404,244,16,1,71.47,195.12
2025-06-22,C010,7863,157,11,1,88.53,119.1
2025-06-23,C010,7676,151,15,2,160.73,113.57
2025-06-24,C010,7153,134,12,2,145.17,104.29
2025-06-25,C010,8191,152,16,2,97.78,141.68
2025-06-26,C010,8431,134,15,2,126.82,115.12
2025-06-27,C010,7727,179,14,2,61.22,151.56
2025-06-28,C010,7361,158,13,2,125.74,108.56
2025-06-29,C010,10308,115,9,1,91.71,105.26
2025-06-30,C010,10443,162,16,2,165.19,132.11
2025-07-01,C010,7114,134,11,1,60.07,120.97
2025-07-02,C010,8980,148,13,2,192.08,137.62
2025-07-03,C010,17140,337,32,5,271.39,273.73
2025-07-04,C010,9605,167,15,2,159.48,139.65
2025-07-05,C010,12043,246,16,2,140.5,225.39
2025-07-06,C010,12277,244,22,3,193.34,207.79
2025-07-07,C010,4831,80,7,1,64.64,71.32
2025-07-08,C010,4641,78,7,1,78.64,56.57
2025-07-09,C010,9002,167,16,2,137.77,147.92
2025-07-10,C010,7564,127,6,0,0.0,96.94
2025-07-11,C010,8477,90,8,1,74.61,66.69
2025-07-12,C010,8899,168,15,2,94.21,121.71
2025-07-13,C010,8688,139,13,1,54.88,114.86
2025-07-14,C010,8866,213,17,2,147.59,180.63
2025-07-15,C010,4586,74,5,0,0.0,56.31
2025-07-16,C010,9464,142,12,1,61.28,125.52
2025-07-17,C010,6867,147,10,1,77.65,145.83
2025-07-18,C010,7787,84,5,0,0.0,63.5
2025-07-19,C010,8677,182,16,3,204.33,152.92
2025-07-20,C010,7043,190,18,3,225.42,191.82
2025-07-21,C010,4655,104,8,1,50.6,93.05
2025-07-22,C010,6471,110,12,2,137.27,94.1
2025-07-23,C010,8141,137,11,2,121.36,116.01
2025-07-24,C010,6235,151,15,2,112.99,131.38
2025-07-25,C010,5378,110,10,1,50.12,80.59
2025-07-26,C010,11505,257,16,3,242.21,184.69
2025-07-27,C010,8621,170,12,2,77.86,141.28
2025-07-28,C010,6842,112,11,2,171.63,103.52
2025-07-29,C010,7793,146,13,2,103.02,112.24
2025-01-16,C011,7366,417,82,26,1928.36,61.1
2025-01-17,C011,7330,408,89,20,1259.41,71.29
2025-01-18,C011,9173,453,76,22,967.89,63.7
2025-01-19,C011,10481,445,94,26,1589.99,71.13
2025-01-20,C011,6912,293,44,10,801.32,45.64
2025-01-21,C011,3972,175,43,11,846.4,27.17
2025-01-22,C011,5443,286,54,17,868.14,43.66
2025-01-23,C011,7748,374,71,17,1369.98,61.98
2025-01-24,C011,8072,314,51,16,643.36,51.47
2025-01-25,C011,8327,402,87,21,1464.88,60.98
2025-01-26,C011,7442,418,104,32,1487.29,65.78
2025-01-27,C011,10413,534,112,31,1660.92,64.9
2025-01-28,C011,8813,436,69,21,1807.37,65.91
2025-01-29,C011,8727,536,90,25,1281.1,76.0
2025-01-30,C011,10901,649,138,36,3290.81,93.19
2025-01-31,C011,4389,247,56,21,925.0,42.45
2025-02-01,C011,11660,369,90,28,1694.71,58.92
2025-02-02,C011,7597,313,45,14,1057.52,43.66
2025-02-03,C011,8329,396,71,17,1255.2,59.02
2025-02-04,C011,10839,406,96,29,2026.17,68.15
2025-02-05,C011,7769,338,54,14,1082.25,51.9
2025-02-06,C011,4559,266,52,13,749.54,34.01
2025-02-07,C011,9365,525,105,35,2244.61,85.47
2025-02-08,C011,12848,614,118,42,2097.29,92.14
2025-02-09,C011,11388,472,98,26,1084.2,70.87
2025-02-10,C011,4499,207,44,13,882.95,25.05
2025-02-11,C011,11006,401,87,21,1301.41,56.34
2025-02-12,C011,9649,399,67,19,877.89,62.41
2025-02-13,C011,15081,766,151,29,1301.18,129.64
2025-02-14,C011,6376,278,46,10,603.84,37.98
2025-02-15,C011,7094,349,67,18,1229.09,51.61
2025-02-16,C011,10217,515,100,28,1440.94,70.6
2025-02-17,C011,9831,478,99,27,1876.4,78.4
2025-02-18,C011,8647,486,100,30,1933.24,74.7
2025-02-19,C011,8401,571,107,30,1666.69,81.47
2025-02-20,C011,7665,315,47,11,441.73,50.24
2025-02-21,C011,9260,291,66,16,1229.63,42.42
2025-02-22,C011,7612,389,75,19,1112.91,50.93
2025-02-23,C011,4995,206,45,13,886.62,30.7
2025-02-24,C011,10116,491,111,34,1891.71,63.75
2025-02-25,C011,8465,455,78,18,1198.99,67.76
2025-02-26,C011,5899,176,30,10,832.64,23.19
2025-02-27,C011,6655,395,73,18,1438.1,57.03
2025-02-28,C011,4673,203,30,7,498.67,30.3
2025-03-01,C011,5968,257,53,17,492.54,35.34
2025-03-02,C011,7410,357,74,19,1036.88,52.24
2025-03-03,C011,5936,264,54,18,1032.05,43.4
2025-03-04,C011,7037,304,57,15,1071.33,46.65
2025-03-05,C011,4548,169,44,11,567.03,28.98
2025-03-06,C011,7051,309,58,15,661.96,45.94
2025-03-07,C011,8797,401,52,14,1321.91,65.36
2025-03-02,C012,8554,155,7,0,0.0,88.19
2025-03-03,C012,6378,124,7,0,0.0,76.52
2025-03-04,C012,5254,88,5,0,0.0,65.07
2025-03-05,C012,5810,111,5,0,0.0,68.97
2025-03-06,C012,5606,124,6,0,0.0,97.53
2025-03-07,C012,7466,129,7,0,0.0,79.32
2025-03-08,C012,3384,57,3,0,0.0,47.05
2025-03-09,C012,9691,227,14,1,42.92,133.19
2025-03-10,C012,6819,116,5,0,0.0,100.87
2025-03-11,C012,5632,70,4,0,0.0,50.08
2025-03-12,C012,10171,201,10,1,45.11,153.2
2025-03-13,C012,6428,100,5,0,0.0,72.46
2025-03-14,C012,10783,234,16,1,45.61,188.05
2025-03-15,C012,9032,161,10,1,44.54,127.44
2025-03-16,C012,6977,145,7,0,0.0,97.36
2025-03-17,C012,3962,71,4,0,0.0,56.21
2025-03-18,C012,9708,187,10,0,0.0,117.23
2025-03-19,C012,4917,74,4,0,0.0,48.34
2025-03-20,C012,7574,151,10,1,47.95,103.0
2025-03-21,C012,4128,74,4,0,0.0,58.0
2025-03-22,C012,6754,115,6,0,0.0,75.04
2025-03-23,C012,7091,131,6,0,0.0,94.21
2025-05-31,C013,14175,602,114,34,1726.39,98.62
2025-06-01,C013,9254,467,117,33,1967.49,80.62
2025-06-02,C013,7524,338,69,20,888.99,42.88
2025-06-03,C013,5035,200,43,11,697.36,26.33
2025-06-04,C013,8028,399,71,20,1756.52,59.74
2025-06-05,C013,6575,300,58,16,694.24,40.67
2025-06-06,C013,7113,287,55,15,1077.76,42.62
2025-06-07,C013,7952,394,83,26,1812.31,62.58
2025-06-08,C013,9231,494,89,22,1390.7,77.18
2025-06-09,C013,6831,302,40,10,590.81,44.57
2025-06-10,C013,6397,245,29,7,393.21,34.88
2025-06-11,C013,10748,490,92,29,1762.01,67.49
2025-06-12,C013,5593,285,76,21,1084.92,37.68
2025-06-13,C013,4823,238,53,15,874.8,37.72
2025-06-14,C013,7615,456,86,26,818.82,77.13
2025-06-15,C013,10997,544,117,29,1962.57,75.0
2025-06-16,C013,9610,508,90,22,1168.72,81.78
2025-06-17,C013,7832,399,78,25,1432.19,58.57
2025-06-18,C013,9087,352,74,20,963.12,49.58
2025-06-19,C013,10158,374,78,21,2165.93,57.7
2025-06-20,C013,10749,323,65,23,1370.39,40.05
2025-06-21,C013,12501,600,104,26,1408.46,93.25
2025-06-22,C013,14225,692,110,24,1620.14,89.83
2025-06-23,C013,8921,319,53,14,940.02,52.93
2025-06-24,C013,9385,365,61,15,990.02,56.59
2025-06-25,C013,5228,286,57,12,1076.89,42.78
2025-06-26,C013,10001,420,74,27,1977.46,68.18
2025-06-27,C013,7075,391,68,19,778.99,46.68
2025-06-28,C013,8453,244,52,19,1481.1,35.66
2025-06-29,C013,12446,673,127,35,2263.36,98.62
2025-06-30,C013,8540,479,113,33,2705.11,69.07
2025-07-01,C013,12178,870,142,35,2313.83,98.62
2025-07-02,C013,9291,486,114,35,1724.65,83.16
2025-07-03,C013,11707,546,112,30,2064.53,82.15
2025-07-04,C013,5875,228,47,13,827.15,35.91
2025-07-05,C013,12559,537,100,30,1157.84,74.18
2025-07-06,C013,6354,343,84,22,1420.32,57.21
2025-07-07,C013,9716,384,71,17,1108.07,64.27
2025-07-08,C013,5655,204,43,15,987.05,29.42
2025-07-09,C013,8520,357,61,20,600.43,57.82
2025-07-10,C013,6955,408,72,18,1069.37,63.73
2025-07-11,C013,4711,178,42,11,731.54,26.0
2025-07-12,C013,11921,518,96,31,1617.8,73.08
2025-07-13,C013,9076,427,112,32,1023.61,66.14
2025-07-14,C013,7899,371,73,20,1369.58,52.63
2025-07-15,C013,11836,463,93,20,1248.42,62.97
2025-07-16,C013,9008,439,95,19,1584.79,58.0
2025-07-17,C013,11056,549,95,27,1491.88,82.59
2025-07-18,C013,3588,194,38,9,487.48,30.14
2025-07-19,C013,3350,161,34,9,422.96,24.36
2025-07-20,C013,5090,198,44,11,610.9,35.51
2025-07-21,C013,7978,335,61,11,801.0,52.5
2025-07-22,C013,6589,335,51,13,612.78,59.15
2025-07-23,C013,3502,114,22,5,224.21,20.43
2025-07-24,C013,7832,308,68,17,978.23,49.02
2025-07-25,C013,7453,346,82,19,945.01,45.87
2025-07-26,C013,7897,325,55,12,724.9,46.48
2025-07-27,C013,9395,416,99,25,1599.66,62.05
2025-07-28,C013,6830,299,66,16,943.82,40.96
2025-07-29,C013,7731,370,89,29,2039.78,47.61
2025-07-30,C013,4256,216,44,9,528.28,27.56
2025-07-31,C013,3580,176,37,13,927.47,25.28
2025-08-01,C013,4302,160,33,6,363.28,21.55
2025-08-02,C013,5015,242,48,16,977.31,33.51
2025-02-15,C014,5394,104,10,2,119.09,86.03
2025-02-16,C014,8175,157,14,2,119.22,146.61
2025-02-17,C014,7770,131,16,2,144.1,103.0
2025-02-18,C014,10903,172,16,2,121.95,157.28
2025-02-19,C014,8198,146,13,2,137.61,116.14
2025-02-20,C014,6707,130,11,2,111.43,102.38
2025-02-21,C014,7208,97,8,0,0.0,78.33
2025-02-22,C014,9108,125,12,1,89.78,114.21
2025-02-23,C014,6023,120,10,1,85.3,94.36
2025-02-24,C014,9650,198,17,2,88.7,150.52
2025-02-25,C014,7825,142,14,1,64.79,122.98
2025-02-26,C014,9713,203,19,3,142.85,172.42
2025-02-27,C014,6419,121,9,1,82.39,105.65
2025-02-28,C014,4739,93,8,0,0.0,80.13
2025-03-01,C014,10364,163,13,2,184.44,161.04
2025-03-02,C014,10815,222,16,2,116.03,194.71
2025-03-03,C014,8909,163,7,1,76.73,144.73
2025-03-04,C014,11377,216,20,3,218.79,167.11
2025-03-05,C014,5174,105,8,1,70.02,100.75
2025-03-06,C014,8964,176,19,2,123.53,162.29
2025-03-07,C014,10542,179,17,3,189.33,157.18
2025-03-08,C014,16240,331,29,4,302.32,204.9
2025-03-09,C014,7429,164,12,1,69.33,167.15
2025-03-10,C014,6818,110,12,1,54.36,119.04
2025-03-11,C014,6751,120,10,1,93.02,105.96
2025-03-12,C014,9701,152,11,1,46.71,117.62
2025-03-13,C014,8097,114,5,0,0.0,91.03
2025-03-14,C014,8864,184,16,2,113.28,155.48
2025-03-15,C014,9659,166,12,2,147.61,134.78
2025-03-16,C014,10246,155,14,2,110.3,110.37
2025-03-17,C014,9806,154,19,3,257.22,141.31
2025-03-18,C014,8884,86,7,1,70.06,75.11
2025-03-19,C014,11271,232,17,2,179.9,199.19
2025-03-20,C014,6902,109,8,1,47.59,90.84
2025-03-21,C014,10262,194,18,2,132.71,170.85
2025-03-22,C014,10485,225,20,3,184.01,156.58
2025-03-23,C014,11867,235,22,3,171.08,204.9
2025-03-24,C014,7610,164,12,1,90.26,151.51
2025-03-25,C014,8489,157,8,1,67.31,128.69
2025-03-26,C014,10757,182,13,2,127.12,152.29
2025-03-27,C014,12078,129,10,1,57.38,119.52
2025-03-28,C014,8660,148,13,2,133.87,123.43
2025-03-29,C014,11058,154,11,1,79.78,134.18
2025-03-30,C014,6174,146,11,1,79.62,111.85
2025-03-31,C014,7489,204,19,3,253.19,179.78
2025-04-01,C014,8407,110,12,1,31.96,90.32
2025-04-02,C014,7595,154,12,1,67.03,131.31
2025-04-03,C014,9185,140,13,2,93.66,103.3
2025-04-04,C014,10810,214,14,1,77.97,180.15
2025-04-05,C014,7357,140,14,2,124.41,119.3
2025-04-06,C014,8628,182,15,1,94.89,145.35
2025-04-07,C014,6388,116,9,1,67.46,100.32
2025-04-08,C014,7187,125,12,1,61.59,99.11
2025-04-09,C014,6818,139,11,1,64.66,133.32
2025-04-10,C014,3494,40,3,0,0.0,31.5
2025-04-11,C014,3737,81,7,1,54.36,58.27
2025-04-12,C014,6345,132,13,2,115.94,112.48
2025-04-13,C014,6684,164,10,1,84.48,118.97
2025-04-14,C014,5026,86,5,0,0.0,76.82
2025-04-15,C014,5628,84,7,1,69.3,62.92
2025-04-16,C014,4140,58,4,0,0.0,52.15
2025-04-17,C014,4626,75,7,1,64.21,66.56
2025-04-18,C014,5914,136,11,2,151.21,98.64
2025-05-31,C015,5720,67,5,0,0.0,65.61
2025-06-01,C015,3893,55,4,0,0.0,58.73
2025-06-02,C015,6168,78,6,0,0.0,76.74
2025-06-03,C015,8379,119,7,0,0.0,124.05
2025-06-04,C015,8702,125,8,0,0.0,132.95
2025-06-05,C015,10821,180,15,1,79.43,151.87
2025-06-06,C015,6155,90,5,0,0.0,88.67
2025-06-07,C015,7865,95,7,1,75.34,93.45
2025-06-08,C015,10906,183,12,1,37.5,151.87
2025-06-09,C015,10141,87,7,0,0.0,87.83
2025-06-10,C015,7312,90,7,0,0.0,82.66
2025-06-11,C015,8105,84,7,0,0.0,74.85
2025-06-12,C015,9524,160,11,1,61.31,125.98
2025-06-13,C015,6619,99,8,1,53.16,101.83
2025-06-14,C015,7724,97,6,0,0.0,88.99
2025-06-15,C015,10802,126,9,1,50.78,124.83
2025-06-16,C015,5386,52,4,0,0.0,53.26
2025-06-17,C015,4805,87,7,0,0.0,78.43
2025-06-18,C015,9112,109,10,1,46.69,99.14
2025-06-19,C015,5869,79,7,0,0.0,81.21
2025-06-20,C015,10121,167,10,1,49.9,132.45
2025-06-21,C015,8965,106,8,0,0.0,114.52
2025-06-22,C015,8529,119,10,1,60.75,125.43
2025-06-23,C015,8141,113,8,1,59.86,107.72
2025-06-24,C015,9110,105,8,1,63.23,78.61
2025-06-25,C015,7916,135,10,1,81.58,124.69
2025-06-26,C015,9772,147,11,1,50.91,125.91
2025-06-27,C015,7835,105,9,1,47.49,92.43
2025-06-28,C015,11594,171,14,1,58.99,151.87
2025-06-29,C015,11263,223,15,1,48.64,151.87
2025-06-30,C015,8544,120,8,1,54.52,111.04
2025-07-01,C015,7894,105,8,1,78.43,105.59
2025-07-02,C015,7892,96,8,1,42.21,88.21
2025-07-03,C015,6433,114,9,1,62.11,109.18
2025-07-04,C015,6482,90,5,0,0.0,89.04
2025-07-05,C015,7432,112,8,0,0.0,117.88
2025-07-06,C015,6598,118,8,1,43.61,130.34
2025-07-07,C015,6861,119,10,1,51.36,118.65
2025-07-08,C015,2994,41,2,0,0.0,35.42
2025-07-09,C015,3237,36,3,0,0.0,33.89
2025-07-10,C015,4665,89,6,1,75.44,69.83
2025-07-11,C015,4832,66,5,1,46.29,64.14
2025-07-12,C015,7575,108,7,0,0.0,105.96
2025-07-13,C015,9906,162,13,1,51.92,150.52
2025-07-14,C015,5322,61,4,0,0.0,49.43
2025-04-16,C016,5725,78,7,1,60.53,63.4
2025-04-17,C016,6414,99,10,1,76.18,91.94
2025-04-18,C016,7512,144,14,2,137.33,119.03
2025-04-19,C016,8318,173,11,1,95.81,137.84
2025-04-20,C016,6658,127,10,1,79.54,100.41
2025-04-21,C016,10122,216,19,4,329.37,189.56
2025-04-22,C016,6814,154,17,3,236.04,114.46
2025-04-23,C016,5824,76,7,1,80.29,67.81
2025-04-24,C016,6461,114,7,0,0.0,89.6
2025-04-25,C016,11372,181,17,2,85.79,155.75
2025-04-26,C016,7940,193,13,2,108.94,178.95
2025-04-27,C016,10803,161,12,2,184.17,143.42
2025-04-28,C016,8116,209,19,3,173.79,176.9
2025-04-29,C016,10018,155,12,2,168.41,151.67
2025-04-30,C016,10805,183,19,3,163.92,139.47
2025-05-01,C016,8814,157,16,2,172.17,107.67
2025-05-02,C016,10607,138,11,1,68.3,136.39
2025-05-03,C016,10187,200,19,3,220.28,175.16
2025-05-04,C016,15800,230,23,4,289.13,217.62
2025-05-05,C016,9654,177,11,1,58.91,132.6
2025-05-06,C016,11630,208,17,2,162.97,162.18
2025-05-07,C016,10501,123,10,1,66.18,99.31
2025-05-08,C016,12707,215,20,4,242.08,215.91
2025-05-09,C016,11975,244,22,3,178.54,208.97
2025-05-10,C016,10375,176,15,2,169.32,139.62
2025-05-11,C016,9252,212,22,2,128.82,163.43
2025-05-12,C016,10563,141,9,1,71.91,127.29
2025-05-13,C016,10397,127,13,1,77.95,93.66
2025-05-14,C016,7946,172,11,1,53.24,153.59
2025-05-15,C016,10552,171,17,3,136.96,154.25
2025-05-16,C016,7495,105,10,1,65.57,88.89
2025-05-17,C016,7413,116,10,1,99.11,83.74
2025-05-18,C016,5999,127,9,1,59.99,107.13
2025-05-19,C016,7758,139,10,1,67.28,131.88
2025-05-20,C016,3625,64,6,0,0.0,49.67
2025-05-21,C016,5751,90,8,0,0.0,81.28
2025-05-22,C016,7782,136,10,1,54.74,121.22
2025-05-23,C016,8980,172,17,2,122.99,153.13
2025-05-24,C016,6837,99,7,1,80.06,75.86
2025-03-17,C017,6766,95,9,1,68.39,107.48
2025-03-18,C017,5046,61,4,0,0.0,54.79
2025-03-19,C017,8703,108,9,1,49.93,97.54
2025-03-20,C017,3970,48,3,0,0.0,40.01
2025-03-21,C017,8392,125,10,1,51.68,113.91
2025-03-22,C017,8369,147,13,1,67.01,148.59
2025-03-23,C017,9498,129,8,1,61.56,119.76
2025-03-24,C017,6264,97,7,1,63.21,81.51
2025-03-25,C017,3159,48,3,0,0.0,48.35
2025-03-26,C017,6531,118,11,1,62.98,100.83
2025-03-27,C017,8166,125,9,1,60.94,121.67
2025-03-28,C017,7167,76,7,1,64.28,62.64
2025-03-29,C017,9320,161,10,1,61.31,166.17
2025-03-30,C017,5453,84,7,0,0.0,76.01
2025-03-31,C017,9069,135,11,1,46.55,121.17
2025-04-01,C017,7142,114,8,0,0.0,110.14
2025-04-02,C017,9987,151,12,1,50.55,147.59
2025-04-03,C017,11198,194,16,2,115.92,161.06
2025-04-04,C017,8302,121,10,1,50.83,107.1
2025-04-05,C017,13446,175,13,1,59.37,174.11
2025-04-06,C017,13247,207,12,1,73.5,204.56
2025-04-07,C017,4687,88,4,0,0.0,91.44
2025-04-08,C017,3641,55,5,0,0.0,50.1
2025-04-09,C017,7833,144,13,1,41.12,125.23
2025-04-10,C017,7104,106,6,0,0.0,95.18
2025-04-11,C017,4485,59,4,0,0.0,57.42
2025-04-12,C017,10500,173,13,1,56.8,153.72
2025-04-13,C017,9375,140,11,1,55.13,126.24
2025-04-14,C017,7844,114,10,1,81.37,104.19
2025-04-15,C017,6098,58,5,0,0.0,50.16
2025-04-16,C017,10014,133,12,1,84.97,129.49
2025-04-17,C017,7201,67,5,0,0.0,63.78
2025-04-18,C017,8163,135,11,1,49.6,139.37
2025-04-19,C017,6808,139,8,1,58.91,125.94
2025-04-20,C017,12354,177,15,2,193.04,170.69
2025-04-21,C017,5036,63,5,0,0.0,60.04
2025-04-22,C017,9822,129,7,1,66.8,100.71
2025-04-23,C017,11113,187,16,2,130.29,193.08
2025-04-24,C017,4024,48,3,0,0.0,50.69
2025-04-25,C017,7181,104,7,0,0.0,65.12
2025-04-26,C017,13358,166,17,2,121.13,150.02
2025-04-27,C017,10479,150,14,2,116.72,158.32
2025-04-28,C017,10820,154,12,2,103.86,142.23
2025-04-29,C017,4397,55,4,0,0.0,47.48
2025-04-30,C017,9119,153,12,1,72.27,130.91
2025-05-01,C017,12004,174,12,1,53.45,142.26
2025-05-02,C017,10024,132,9,1,57.23,118.35
2025-05-03,C017,10571,160,13,2,136.2,145.72
2025-05-04,C017,7816,118,9,1,43.31,113.74
2025-05-05,C017,3639,55,5,0,0.0,49.44
2025-05-06,C017,6220,90,6,0,0.0,93.42
2025-05-07,C017,6045,62,4,0,0.0,61.73
2025-05-08,C017,9140,150,14,2,117.13,156.88
2025-05-09,C017,8502,87,6,0,0.0,82.47
2025-05-10,C017,11041,187,17,2,129.39,166.86
2025-05-11,C017,5389,93,7,1,61.09,109.98
2025-05-12,C017,6342,68,6,0,0.0,72.88
2025-05-13,C017,8822,115,9,1,68.23,126.22
2025-05-14,C017,9225,150,11,1,79.13,170.98
2025-05-15,C017,6725,90,7,1,64.12,89.39
2025-09-28,C018,7663,133,12,2,129.48,113.64
2025-09-29,C018,7647,171,19,3,227.43,143.12
2025-09-30,C018,8385,152,13,2,128.0,126.07
2025-10-01,C018,14796,208,15,2,133.19,192.64
2025-10-02,C018,8312,163,13,2,135.45,116.6
2025-10-03,C018,4691,96,8,1,42.98,69.49
2025-10-04,C018,3015,66,4,0,0.0,61.98
2025-10-05,C018,5402,109,7,1,65.19,93.85
2025-10-06,C018,8162,108,11,1,48.92,106.44
2025-10-07,C018,11284,247,19,3,208.94,241.99
2025-10-08,C018,8586,148,13,2,136.1,120.83
2025-10-09,C018,6354,85,6,1,65.19,77.34
2025-10-10,C018,6357,111,9,1,61.26,74.31
2025-10-11,C018,10834,183,14,1,71.04,180.65
2025-10-12,C018,6292,117,10,1,76.25,69.76
2025-10-13,C018,6538,87,7,1,45.69,79.16
2025-10-14,C018,9046,137,10,1,47.45,128.85
2025-10-15,C018,7901,98,8,1,49.82,87.45
2025-10-16,C018,7083,147,8,1,90.02,142.94
2025-10-17,C018,8124,129,11,1,57.02,117.96
2025-10-18,C018,12008,163,11,1,67.19,150.7
2025-10-19,C018,11011,192,15,2,103.44,195.67
2025-10-20,C018,9800,159,12,1,82.98,128.11
2025-10-21,C018,8019,157,17,2,153.52,143.05
2025-10-22,C018,5724,82,5,0,0.0,70.25
2025-10-23,C018,9058,136,16,2,113.9,90.14
2025-10-24,C018,6721,97,6,1,77.68,97.39
2025-10-25,C018,9868,136,11,1,74.32,127.36
2025-10-26,C018,9131,193,17,2,116.73,154.86
2025-10-27,C018,11699,217,18,3,257.24,171.15
2025-10-28,C018,8248,152,12,2,175.5,112.23
2025-10-29,C018,6779,112,13,2,161.69,92.68
2025-10-30,C018,5471,112,10,1,65.13,93.85
2025-10-31,C018,10780,142,14,2,107.21,95.54
2025-11-01,C018,13117,307,29,6,404.5,285.83
2025-11-02,C018,8041,127,7,1,59.27,99.3
2025-11-03,C018,6808,161,19,2,126.36,122.69
2025-11-04,C018,9862,157,14,2,179.91,140.75
2025-11-05,C018,3057,54,6,1,42.88,44.46
2025-11-06,C018,9737,182,14,2,65.08,137.92
2025-11-07,C018,9591,112,9,1,48.26,97.38
2025-11-08,C018,12838,221,19,3,149.88,183.7
2025-11-09,C018,8082,167,16,2,139.72,163.11
2025-11-10,C018,7073,122,10,1,87.19,95.67
2025-11-11,C018,7124,113,12,2,141.68,103.36
2025-11-12,C018,7100,112,11,1,88.2,92.19
2025-11-13,C018,8630,156,13,2,160.31,123.81
2025-11-14,C018,7062,146,12,2,131.74,121.15
2025-11-15,C018,5381,78,6,1,67.55,63.09
2025-11-16,C018,12620,278,21,3,278.0,242.0
2025-11-17,C018,7768,165,13,2,161.2,123.98
2025-11-18,C018,4895,72,5,0,0.0,57.23
2025-11-19,C018,4786,92,9,1,65.24,81.12
2025-11-20,C018,5564,156,13,2,156.23,154.42
2025-11-21,C018,3378,66,8,1,52.3,57.68
2025-11-22,C018,7959,118,10,1,60.57,115.21
2025-11-23,C018,6207,88,5,0,0.0,82.13
2025-11-24,C018,7831,122,10,1,81.47,125.45
2025-11-25,C018,4301,95,6,1,84.61,81.38
2025-11-26,C018,8920,216,19,2,110.98,201.54
2025-07-15,C019,5643,80,5,0,0.0,75.08
2025-07-16,C019,8618,125,12,1,56.07,97.57
2025-07-17,C019,3273,48,3,0,0.0,44.49
2025-07-18,C019,7721,92,6,0,0.0,85.35
2025-07-19,C019,9362,140,9,1,52.16,153.7
2025-07-20,C019,10265,162,15,1,71.69,182.32
2025-07-21,C019,7538,95,7,1,47.15,81.75
2025-07-22,C019,10728,207,15,2,102.41,199.47
2025-07-23,C019,7246,107,8,1,48.44,109.05
2025-07-24,C019,7708,148,14,1,52.67,146.53
2025-07-25,C019,5256,78,6,1,56.01,82.75
2025-07-26,C019,5945,94,8,0,0.0,76.96
2025-07-27,C019,11150,143,11,1,51.35,159.73
2025-07-28,C019,6332,83,5,0,0.0,77.73
2025-07-29,C019,10065,139,12,1,61.42,131.4
2025-07-30,C019,12356,137,13,1,48.33,132.72
2025-07-31,C019,11507,170,14,2,143.79,174.16
2025-08-01,C019,11639,167,15,2,118.78,185.96
2025-08-02,C019,11987,154,15,2,125.45,141.59
2025-08-03,C019,10500,129,10,1,54.57,133.63
2025-08-04,C019,12733,169,15,2,88.84,171.35
2025-08-05,C019,14963,264,23,3,182.8,225.63
2025-08-06,C019,5602,77,4,0,0.0,71.57
2025-08-07,C019,7467,136,11,1,58.19,128.83
2025-08-08,C019,6413,106,7,0,0.0,101.89
2025-08-09,C019,7430,120,10,1,73.76,130.52
2025-08-10,C019,15297,220,20,2,120.54,195.46
2025-08-11,C019,7266,89,7,0,0.0,72.24
2025-08-12,C019,5477,82,6,0,0.0,86.25
2025-08-13,C019,8967,150,13,1,74.0,109.07
2025-08-14,C019,6965,117,11,1,75.65,98.13
2025-08-15,C019,6224,82,5,0,0.0,86.11
2025-08-16,C019,8097,112,11,0,0.0,106.46
2025-08-17,C019,6887,94,6,0,0.0,87.19
2025-08-18,C019,6532,91,5,0,0.0,97.36
2025-08-19,C019,9709,111,8,0,0.0,118.65
2025-08-20,C019,5849,75,5,0,0.0,59.83
2025-08-21,C019,3741,48,3,0,0.0,43.93
2025-08-22,C019,7775,96,7,1,79.28,98.37
2025-08-23,C019,7230,91,7,0,0.0,97.39
2025-08-24,C019,7414,115,9,1,43.14,107.66
2025-08-25,C019,7038,87,4,0,0.0,83.18
2025-08-26,C019,8239,117,9,1,52.04,109.59
2025-08-27,C019,6849,102,7,0,0.0,94.47
2025-01-16,C020,5660,108,9,1,49.83,92.51
2025-01-17,C020,6605,123,12,2,151.03,102.03
2025-01-18,C020,5952,95,8,1,69.31,72.95
2025-01-19,C020,8383,138,10,1,73.75,133.43
2025-01-20,C020,6954,149,9,1,101.24,92.37
2025-01-21,C020,6388,109,9,1,66.47,84.21
2025-01-22,C020,8789,124,8,1,59.26,103.95
2025-01-23,C020,8746,207,20,2,98.35,168.93
2025-01-24,C020,4611,95,7,1,92.76,78.75
2025-01-25,C020,7070,141,11,1,64.07,114.27
2025-01-26,C020,11554,178,20,2,179.94,135.92
2025-01-27,C020,7581,128,12,2,168.38,104.4
2025-01-28,C020,7227,106,7,1,71.39,72.87
2025-01-29,C020,12091,261,21,2,148.51,170.44
2025-01-30,C020,9666,231,15,2,133.27,189.85
2025-01-31,C020,8615,173,19,3,179.77,132.29
2025-02-01,C020,11471,177,19,3,217.46,145.83
2025-02-02,C020,10571,177,17,2,114.29,159.47
2025-02-03,C020,9248,152,11,2,178.07,140.62
2025-02-04,C020,7156,160,13,1,93.46,135.35
2025-02-05,C020,6283,123,14,2,128.82,92.34
2025-02-06,C020,7016,124,9,1,83.71,105.07
2025-02-07,C020,8798,147,11,1,59.21,106.77
2025-02-08,C020,9055,151,14,1,68.89,153.0
2025-02-09,C020,8408,108,11,1,82.29,90.67
2025-02-10,C020,8433,139,14,1,78.58,113.54
2025-02-11,C020,6030,109,8,1,68.6,87.65
2025-02-12,C020,6463,103,9,1,99.9,96.82
2025-02-13,C020,8071,93,5,0,0.0,77.18
2025-02-14,C020,7343,105,10,1,72.73,84.61
2025-04-01,C021,8182,194,15,2,134.38,159.5
2025-04-02,C021,7232,67,3,0,0.0,67.7
2025-04-03,C021,4986,82,7,0,0.0,85.31
2025-04-04,C021,7760,107,11,1,64.07,95.33
2025-04-05,C021,8208,109,11,1,83.76,90.79
2025-04-06,C021,5941,121,9,1,68.01,104.1
2025-04-07,C021,5641,116,9,1,70.21,97.36
2025-04-08,C021,6575,139,10,1,49.21,129.27
2025-04-09,C021,5972,109,8,1,48.14,82.77
2025-04-10,C021,7327,142,11,1,54.05,121.17
2025-04-11,C021,12204,244,20,3,291.24,173.6
2025-04-12,C021,7579,126,10,1,87.09,91.86
2025-04-13,C021,11042,197,15,1,64.87,154.77
2025-04-14,C021,5313,109,9,1,87.6,88.59
2025-04-15,C021,6278,109,9,1,40.49,87.45
2025-04-16,C021,8617,188,21,3,260.41,172.05
2025-04-17,C021,14085,296,29,4,269.75,243.1
2025-04-18,C021,7171,124,7,1,65.0,110.2
2025-04-19,C021,11824,268,19,4,331.14,232.57
2025-04-20,C021,7893,134,14,1,75.62,119.96
2025-04-21,C021,6259,145,11,1,51.38,109.84
2025-04-22,C021,6344,129,10,1,60.82,113.34
2025-04-23,C021,8153,165,17,2,107.6,141.32
2025-04-24,C021,5717,86,6,0,0.0,78.27
2025-04-25,C021,4198,71,6,0,0.0,57.93
2025-04-26,C021,9686,153,16,2,114.05,131.28
2025-04-27,C021,12981,208,20,3,264.86,199.62
2025-04-28,C021,8267,162,14,2,138.13,132.11
2025-04-29,C021,5770,114,8,1,50.42,98.13
2025-04-30,C021,4710,115,9,1,75.77,104.85
2025-05-01,C021,11290,222,25,4,378.88,205.7
2025-05-02,C021,11345,183,20,3,247.29,144.84
2025-05-03,C021,10315,238,22,4,154.27,200.57
2025-05-04,C021,11386,240,20,3,252.19,157.51
2025-05-05,C021,8850,133,12,2,164.26,111.52
2025-05-06,C021,12056,213,17,2,158.79,180.29
2025-05-07,C021,4582,94,7,1,84.86,69.44
2025-05-08,C021,8406,161,17,2,151.5,150.97
2025-05-09,C021,8247,159,15,2,151.27,121.88
2025-05-10,C021,14287,265,18,2,141.29,199.47
2025-05-11,C021,6166,123,11,1,72.78,103.96
2025-05-12,C021,8124,125,9,1,68.26,107.82
2025-05-13,C021,7332,123,15,2,120.82,138.99
2025-05-14,C021,5764,119,9,1,65.13,96.7
2025-05-15,C021,11124,235,22,3,228.94,223.9
2025-05-16,C021,11855,246,22,3,209.6,182.94
2025-05-17,C021,9604,159,15,2,157.04,144.11
2025-05-18,C021,6185,147,12,1,63.34,118.85
2025-05-19,C021,12425,241,21,3,207.01,200.95
2025-05-20,C021,7185,135,12,2,119.16,122.9
2025-05-21,C021,5863,95,7,1,54.82,75.11
2025-05-22,C021,7485,130,9,1,79.52,118.67
2025-05-23,C021,8094,131,10,1,78.4,103.63
2025-05-24,C021,7901,113,10,1,55.05,81.84
2025-05-25,C021,6191,109,8,1,67.11,97.99
2025-05-26,C021,5687,104,7,1,55.25,96.52
2025-05-27,C021,8592,123,9,1,83.92,121.97
2025-05-28,C021,10224,174,18,2,147.43,113.27
2025-05-29,C021,6681,91,8,1,61.18,69.86
2025-05-30,C021,4927,87,7,1,90.77,68.63
2025-05-31,C021,6752,123,13,2,124.57,110.35
2025-06-01,C021,6984,139,16,2,151.4,126.09
2025-06-02,C021,6027,88,7,1,64.56,69.26
2025-06-03,C021,5667,93,9,1,46.76,83.35
2025-06-04,C021,8376,134,13,2,112.85,111.7
2025-06-05,C021,5211,98,8,1,68.67,83.89
2025-06-06,C021,5405,87,7,1,62.03,76.35
2025-06-07,C021,4522,77,6,1,68.26,66.61
2025-06-08,C021,6507,91,7,0,0.0,57.55
2025-06-09,C021,6973,144,15,2,154.31,116.86
2025-06-10,C021,6557,119,14,2,189.66,99.56
2025-01-01,C022,11819,433,80,18,827.9,69.28
2025-01-02,C022,7201,356,51,17,964.6,56.24
2025-01-03,C022,10563,466,63,17,1078.63,62.67
2025-01-04,C022,7944,271,59,15,840.63,38.77
2025-01-05,C022,9840,449,83,24,1859.08,71.71
2025-01-06,C022,9456,319,55,14,730.02,42.76
2025-01-07,C022,4000,171,33,8,495.7,24.54
2025-01-08,C022,8442,427,88,19,1137.99,56.14
2025-01-09,C022,6340,304,48,13,883.79,49.74
2025-01-10,C022,7239,336,82,17,848.04,64.53
2025-01-11,C022,4796,193,22,6,425.28,26.31
2025-01-12,C022,10773,332,53,14,725.5,48.34
2025-01-13,C022,7304,319,69,19,1206.91,40.93
2025-01-14,C022,8044,351,81,20,1549.69,60.26
2025-01-15,C022,6918,188,43,12,622.9,31.51
2025-01-16,C022,6772,333,55,15,1114.31,51.0
2025-01-17,C022,12493,562,73,17,1195.32,71.23
2025-01-18,C022,10277,584,106,26,1569.36,90.67
2025-01-19,C022,12299,473,96,28,1571.28,76.91
2025-01-20,C022,10629,495,104,26,1385.92,83.34
2025-01-21,C022,7132,331,42,10,727.25,49.03
2025-01-22,C022,2375,99,20,5,363.7,14.54
2025-01-23,C022,5948,257,41,8,382.09,44.37
2025-01-24,C022,9175,374,54,17,586.49,52.99
2025-01-25,C022,10688,418,60,14,726.11,57.85
2025-01-26,C022,7868,373,76,24,1425.02,60.38
2025-01-27,C022,9284,304,36,10,662.6,47.77
2025-01-28,C022,10771,444,94,28,2295.12,64.49
2025-01-29,C022,4838,278,59,17,1683.4,43.06
2025-01-30,C022,6539,242,45,11,592.22,31.24
2025-01-31,C022,10221,441,98,29,1866.54,70.68
2025-02-01,C022,10681,545,111,30,2390.13,77.84
2025-02-02,C022,10223,409,71,18,989.91,52.4
2025-02-03,C022,7430,410,88,15,1032.36,58.07
2025-02-04,C022,7801,338,66,18,1393.23,50.6
2025-02-05,C022,10121,510,74,24,1329.93,81.98
2025-02-06,C022,4478,273,46,15,936.67,39.23
2025-02-07,C022,4744,212,35,9,650.6,32.61
2025-02-08,C022,7827,351,64,19,1120.24,46.51
2025-02-09,C022,9386,416,78,25,1364.91,52.76
2025-02-10,C022,7987,413,79,26,1823.25,60.3
2025-02-11,C022,6801,260,52,15,606.29,38.26
2025-02-12,C022,7571,227,42,10,727.13,33.9
2025-02-13,C022,8666,361,74,19,1358.21,46.94
2025-02-14,C022,6002,329,44,14,830.06,40.05
2025-02-15,C022,2695,120,23,7,380.07,16.01
2025-06-15,C023,7934,371,65,20,1068.38,50.81
2025-06-16,C023,8596,377,67,21,1829.97,57.74
2025-06-17,C023,10594,424,85,19,1111.49,59.62
2025-06-18,C023,5786,246,53,14,535.57,34.15
2025-06-19,C023,6522,320,66,16,1024.19,45.74
2025-06-20,C023,7761,400,91,23,1733.93,57.04
2025-06-21,C023,8346,360,45,12,745.34,51.79
2025-06-22,C023,7747,313,54,13,956.58,53.89
2025-06-23,C023,5922,210,50,16,955.31,27.1
2025-06-24,C023,6971,344,47,12,968.92,50.48
2025-06-25,C023,10951,396,75,20,987.59,53.64
2025-06-26,C023,7279,391,73,20,1357.09,55.14
2025-06-27,C023,4367,212,26,7,499.95,33.78
2025-06-28,C023,5728,225,46,8,486.71,34.8
2025-06-29,C023,10461,489,89,17,1064.67,66.36
2025-06-30,C023,8760,494,98,29,1257.94,75.92
2025-07-01,C023,10986,446,85,27,1616.68,59.48
2025-07-02,C023,8262,367,77,22,1291.07,54.03
2025-07-03,C023,6129,382,73,22,1252.18,55.27
2025-07-04,C023,5140,224,42,13,603.2,31.66
2025-07-05,C023,12263,465,100,32,1894.95,60.15
2025-07-06,C023,10379,361,76,21,1377.62,56.7
2025-07-07,C023,6085,309,55,9,620.23,41.55
2025-07-08,C023,12740,575,132,37,2973.57,77.09
2025-07-09,C023,10311,448,105,27,2328.65,81.46
2025-07-10,C023,10240,559,91,20,1526.57,86.15
2025-07-11,C023,8378,215,41,10,722.0,35.46
2025-07-12,C023,11397,374,81,24,1828.59,67.98
2025-07-13,C023,6896,268,54,15,872.16,44.33
2025-07-14,C023,5291,194,36,8,483.26,28.62
2025-07-15,C023,8837,393,91,24,1456.92,55.63
2025-07-16,C023,9272,386,83,20,1405.21,54.54
2025-07-17,C023,8688,497,82,17,909.2,64.23
2025-07-18,C023,7331,329,61,16,859.42,57.49
2025-07-19,C023,5317,273,52,19,1037.03,44.41
2025-07-20,C023,8340,325,72,21,919.6,43.25
2025-07-21,C023,5753,246,48,10,476.03,35.14
2025-07-22,C023,6698,333,89,24,1790.59,45.8
2025-07-23,C023,5071,162,32,7,260.11,28.52
2025-07-24,C023,3819,199,35,11,572.58,28.24
2025-07-25,C023,7955,407,80,24,1682.32,62.27
2025-07-26,C023,4776,238,47,12,919.06,30.6
2025-07-27,C023,8761,416,78,16,948.75,64.49
2025-07-28,C023,6441,175,26,9,429.04,30.0
2025-07-29,C023,5194,260,45,15,928.86,40.8
2025-07-30,C023,6727,388,76,26,1392.0,62.65
2025-07-31,C023,4575,213,42,10,653.68,32.42
2025-05-16,C024,7017,144,8,0,0.0,127.58
2025-05-17,C024,6060,115,9,0,0.0,82.5
2025-05-18,C024,11837,302,16,1,28.22,213.49
2025-05-19,C024,6735,98,6,0,0.0,60.19
2025-05-20,C024,9212,213,14,1,38.04,171.45
2025-05-21,C024,7990,152,7,0,0.0,116.14
2025-05-22,C024,8894,204,12,1,46.84,154.83
2025-05-23,C024,6698,105,6,0,0.0,74.44
2025-05-24,C024,5459,103,6,0,0.0,80.04
2025-05-25,C024,12656,307,19,2,84.32,217.39
2025-05-26,C024,10885,291,21,1,36.42,229.71
2025-05-27,C024,9994,185,11,0,0.0,147.36
2025-05-28,C024,11741,185,11,1,37.18,128.73
2025-05-29,C024,10842,329,17,1,56.02,202.76
2025-05-30,C024,7435,185,12,1,41.38,145.23
2025-05-31,C024,14803,316,15,1,43.08,209.37
2025-06-01,C024,11707,301,17,1,57.04,209.67
2025-06-02,C024,6325,157,5,0,0.0,117.97
2025-06-03,C024,4842,114,6,0,0.0,69.01
2025-06-04,C024,7138,174,9,0,0.0,103.25
2025-06-05,C024,8900,215,11,0,0.0,131.01
2025-03-17,C025,7372,288,33,7,565.07,268.78
2025-03-18,C025,9771,371,59,10,721.98,268.78
2025-03-19,C025,7891,307,45,9,568.0,268.78
2025-03-20,C025,5790,195,20,4,284.26,248.13
2025-03-21,C025,6375,251,46,11,808.87,268.78
2025-03-22,C025,6518,199,24,5,362.43,268.78
2025-03-23,C025,6200,210,28,7,542.06,237.75
2025-03-24,C025,9125,312,35,9,523.49,268.78
2025-03-25,C025,9081,415,62,12,1084.42,268.78
2025-03-26,C025,5439,154,21,4,195.22,218.24
2025-03-27,C025,9311,305,35,7,423.08,268.78
2025-03-28,C025,7639,295,35,6,480.26,268.78
2025-03-29,C025,9618,368,41,8,485.0,268.78
2025-03-30,C025,9227,356,39,7,528.86,268.78
2025-03-31,C025,8525,302,41,8,541.53,268.78
2025-04-01,C025,9021,248,29,6,574.68,268.78
2025-04-02,C025,8289,230,38,8,512.74,268.78
2025-04-03,C025,10309,347,49,11,693.4,268.78
2025-04-04,C025,5380,196,27,6,447.16,268.78
2025-04-05,C025,8041,264,40,9,727.19,268.78
2025-04-06,C025,13449,444,52,10,845.37,268.78
2025-04-07,C025,8543,278,37,9,777.98,268.78
2025-04-08,C025,7954,301,40,10,678.12,268.78
2025-04-09,C025,7367,254,34,6,404.95,268.78
2025-04-10,C025,9298,343,37,8,424.64,268.78
2025-04-11,C025,8344,224,31,7,434.4,268.78
2025-04-12,C025,12103,238,43,10,843.14,268.78
2025-04-13,C025,9372,294,44,9,697.71,268.78
2025-04-14,C025,7047,346,64,17,1578.91,268.78
2025-04-15,C025,9893,249,42,10,735.36,268.78
2025-04-16,C025,4526,185,19,4,246.05,214.12
2025-04-17,C025,8183,329,37,7,270.64,268.78
2025-04-18,C025,15689,558,68,14,1217.0,268.78
2025-04-19,C025,9948,312,40,9,535.88,268.78
2025-04-20,C025,9313,407,55,13,617.21,268.78
2025-04-21,C025,12113,274,37,9,561.44,268.78
2025-04-22,C025,8802,394,58,15,1030.08,268.78
2025-04-23,C025,5569,211,27,5,406.9,252.27
2025-04-24,C025,7597,321,42,10,766.58,268.78
2025-04-25,C025,4666,192,26,6,505.29,239.16
2025-04-26,C025,9086,300,47,10,891.46,268.78
2025-04-27,C025,8147,297,49,10,818.61,268.78
2025-04-28,C025,10710,455,64,14,890.57,268.78
2025-04-29,C025,9160,363,42,10,726.86,268.78
2025-04-30,C025,11343,415,64,15,1419.86,268.78
2025-05-01,C025,8885,370,47,8,651.77,268.78
2025-05-02,C025,8568,269,31,7,462.74,268.78
2025-05-03,C025,6211,245,37,7,396.97,268.78
2025-05-04,C025,9105,289,42,11,847.4,268.78
2025-05-05,C025,10196,274,38,8,603.35,268.78
2025-05-06,C025,7571,325,44,9,576.86,268.78
2025-05-07,C025,9950,376,58,11,774.22,268.78
2025-05-08,C025,10662,427,60,13,817.03,268.78
2025-05-09,C025,5415,179,19,4,277.15,213.31
2025-05-10,C025,6152,191,30,4,178.44,257.93
2025-05-11,C025,7621,240,28,6,404.79,268.78
2025-05-12,C025,5549,280,38,9,752.09,268.78
2025-10-13,C026,7803,142,11,1,95.59,135.31
2025-10-14,C026,9197,139,12,2,176.45,109.04
2025-10-15,C026,10798,197,22,3,214.04,162.33
2025-10-16,C026,11290,165,14,2,132.48,133.33
2025-10-17,C026,11038,182,16,2,111.64,156.62
2025-10-18,C026,6957,109,8,1,41.24,83.28
2025-10-19,C026,7905,96,8,1,90.76,66.86
2025-10-20,C026,6416,90,7,1,76.16,71.03
2025-10-21,C026,4068,63,4,0,0.0,52.79
2025-10-22,C026,8314,164,15,2,146.93,150.92
2025-10-23,C026,7895,171,12,2,99.57,140.33
2025-10-24,C026,11861,194,16,2,138.6,159.48
2025-10-25,C026,1376,25,2,0,0.0,20.85
2025-10-26,C026,8303,170,13,1,65.48,164.74
2025-10-27,C026,12559,195,20,2,142.13,169.34
2025-10-28,C026,10032,156,15,3,180.18,108.26
2025-10-29,C026,8294,145,14,2,128.69,122.02
2025-10-30,C026,9803,137,10,1,52.64,98.26
2025-10-31,C026,10089,169,15,2,152.39,152.34
2025-11-01,C026,5794,114,9,1,78.21,97.68
2025-11-02,C026,13071,230,20,1,63.56,169.04
2025-11-03,C026,7777,157,17,2,198.03,136.55
2025-11-04,C026,5133,86,8,1,63.95,71.92
2025-11-05,C026,7732,155,16,2,168.71,113.78
2025-11-06,C026,3854,69,7,1,61.52,57.38
2025-11-07,C026,5979,97,6,0,0.0,83.2
2025-11-08,C026,8313,133,14,2,137.52,96.11
2025-11-09,C026,9387,159,16,2,171.66,126.2
2025-07-15,C027,5308,154,16,3,203.85,116.83
2025-07-16,C027,7809,257,25,5,380.25,116.83
2025-07-17,C027,4127,92,6,1,75.15,100.9
2025-07-18,C027,3071,79,11,1,82.09,82.73
2025-07-19,C027,11445,279,27,6,423.83,116.83
2025-07-20,C027,10963,299,35,6,377.54,116.83
2025-07-21,C027,9159,229,19,2,91.65,116.83
2025-07-22,C027,7345,195,21,4,288.86,116.83
2025-07-23,C027,8538,287,39,5,325.52,116.83
2025-07-24,C027,12026,332,37,8,695.67,116.83
2025-07-25,C027,7967,235,29,5,325.41,116.83
2025-07-26,C027,9426,233,26,5,313.43,116.83
2025-07-27,C027,11563,395,40,7,367.17,116.83
2025-07-28,C027,8331,232,24,4,322.64,116.83
2025-07-29,C027,10416,183,22,3,205.06,116.83
2025-07-30,C027,7384,134,15,2,97.87,116.83
2025-07-31,C027,5054,117,14,3,256.32,116.83
2025-08-01,C027,6987,229,29,5,266.73,116.83
2025-08-02,C027,8335,171,21,3,160.37,116.83
2025-08-03,C027,9710,200,28,5,447.81,116.83
2025-08-04,C027,7092,232,31,4,310.79,116.83
2025-08-05,C027,7899,155,15,2,126.01,116.83
2025-08-06,C027,10091,285,39,7,436.22,116.83
2025-08-07,C027,7231,212,18,3,234.5,116.83
2025-08-08,C027,11595,295,28,7,340.38,116.83
2025-08-09,C027,13340,358,45,5,315.03,116.83
2025-08-10,C027,5943,118,13,2,135.55,116.83
2025-08-11,C027,7487,156,18,3,247.55,116.83
2025-08-12,C027,7285,189,19,3,181.01,116.83
2025-08-13,C027,4445,108,14,3,141.08,116.83
2025-08-14,C027,5716,81,8,1,92.28,81.34
2025-08-15,C027,3706,89,9,2,176.35,107.24
2025-08-16,C027,7642,216,17,2,169.06,116.83
2025-08-17,C027,5885,163,17,2,192.8,116.83
2025-08-18,C027,5521,152,13,2,102.74,116.83
2025-08-19,C027,3764,126,13,2,83.68,116.83
2025-08-20,C027,6466,102,11,2,175.95,104.85
2025-02-15,C028,4577,128,19,2,134.73,197.44
2025-02-16,C028,10173,250,26,6,452.99,340.99
2025-02-17,C028,6476,179,29,8,649.3,226.31
2025-02-18,C028,3009,134,15,3,251.1,207.71
2025-02-19,C028,6508,230,29,5,400.48,316.25
2025-02-20,C028,10359,437,51,12,759.6,613.28
2025-02-21,C028,8218,412,70,18,1535.61,654.28
2025-02-22,C028,9592,275,35,8,738.01,328.42
2025-02-23,C028,8397,284,44,14,1122.88,355.21
2025-02-24,C028,5946,172,25,5,335.73,278.29
2025-02-25,C028,6815,265,42,11,883.76,395.35
2025-02-26,C028,8731,355,60,9,545.16,518.7
2025-02-27,C028,5957,248,31,6,348.62,317.34
2025-02-28,C028,6153,186,24,5,508.69,241.2
2025-03-01,C028,8126,254,26,4,224.55,349.2
2025-03-02,C028,5814,183,20,4,359.69,236.01
2025-03-03,C028,10783,408,50,11,679.28,573.96
2025-03-04,C028,5691,205,28,6,517.82,289.96
2025-03-05,C028,9586,282,31,3,218.89,349.42
2025-03-06,C028,4424,136,20,3,240.17,173.37
2025-03-07,C028,9355,383,54,10,672.21,549.98
2025-03-08,C028,7962,259,35,6,279.55,367.86
2025-03-09,C028,5983,223,36,8,542.67,272.65
2025-03-10,C028,8941,318,43,7,561.79,449.51
2025-03-11,C028,8835,402,51,13,820.77,602.88
2025-03-12,C028,9005,409,61,11,753.09,614.7
2025-03-13,C028,6999,238,34,6,653.37,328.81
2025-03-14,C028,10956,358,57,9,605.57,534.0
2025-03-15,C028,9531,280,42,8,560.2,411.13
2025-03-16,C028,4830,129,18,2,139.2,149.91
2025-03-17,C028,15922,451,65,12,833.07,718.65
2025-03-18,C028,7682,223,36,4,269.79,299.67
2025-03-19,C028,9812,417,46,13,688.17,635.49
2025-03-20,C028,7899,256,35,7,422.67,337.52
2025-03-21,C028,5677,169,19,3,241.2,230.9
2025-03-22,C028,5852,222,31,7,592.23,294.76
2025-03-23,C028,8642,335,33,8,589.26,430.22
2025-03-24,C028,8408,362,75,19,1247.03,519.48
2025-03-25,C028,7454,201,27,6,300.87,251.79
2025-03-26,C028,9527,418,46,13,666.09,449.79
2025-03-27,C028,6269,217,30,6,369.19,305.62
2025-03-28,C028,10565,357,42,6,428.72,420.78
2025-03-29,C028,9315,221,37,8,586.81,267.48
2025-03-30,C028,10632,326,47,7,348.58,390.8
2025-03-31,C028,8732,363,43,10,723.15,443.84
2025-04-01,C028,8543,265,37,7,502.08,342.99
2025-04-02,C028,7053,211,25,5,424.32,290.14
2025-04-03,C028,6544,255,22,5,231.32,295.52
2025-04-04,C028,11542,525,81,18,835.89,719.86
2025-04-05,C028,6835,245,31,7,317.44,333.23
2025-04-06,C028,7278,268,31,6,425.14,337.9
2025-04-07,C028,7058,212,29,6,389.72,331.7
2025-04-08,C028,7315,262,31,6,415.58,309.6
2025-04-09,C028,6970,228,29,9,577.74,244.13
2025-04-10,C028,7196,312,39,10,849.76,413.22
2025-04-11,C028,7510,304,45,8,571.37,491.71
2025-04-12,C028,10539,404,58,12,1047.38,584.59
2025-04-13,C028,7142,267,37,7,795.52,304.97
2025-04-14,C028,6302,225,43,8,506.29,303.22
2025-04-15,C028,7729,244,37,6,283.55,321.86
2025-04-16,C028,7777,197,23,5,326.61,225.57
2025-04-17,C028,6486,218,29,7,565.9,269.97
2025-04-18,C028,6183,245,28,8,502.11,330.46
2025-04-19,C028,4544,134,16,3,178.53,193.48
2025-04-20,C028,5404,175,28,6,435.15,202.39
2025-04-21,C028,3885,167,25,4,262.59,206.84
2025-04-22,C028,6425,213,39,10,933.8,306.85
2025-04-23,C028,6935,227,39,9,700.95,310.34
2025-04-24,C028,4936,229,31,5,314.34,258.12
2025-04-25,C028,4989,179,29,5,350.16,210.15
2025-04-26,C028,10918,435,58,11,807.06,594.89
2025-04-27,C028,7432,215,25,5,283.52,311.41
2025-04-28,C028,3278,116,12,2,140.64,185.59
2025-04-29,C028,4890,108,13,2,202.04,145.65
2025-05-16,C029,7448,324,64,20,1296.04,43.46
2025-05-17,C029,9311,384,44,13,809.02,58.18
2025-05-18,C029,6959,292,62,19,1105.45,47.96
2025-05-19,C029,6513,303,48,13,548.41,40.78
2025-05-20,C029,5512,319,62,19,1704.27,49.78
2025-05-21,C029,5920,266,48,12,876.24,43.99
2025-05-22,C029,5006,206,44,14,1315.5,29.46
2025-05-23,C029,8585,338,66,17,493.27,51.32
2025-05-24,C029,11794,531,86,23,816.24,70.01
2025-05-25,C029,9419,494,69,18,993.58,81.18
2025-05-26,C029,10253,589,111,37,1785.65,78.8
2025-05-27,C029,5721,283,57,18,1084.95,42.69
2025-05-28,C029,7469,293,62,17,952.52,43.59
2025-05-29,C029,9029,371,55,15,1035.21,60.3
2025-05-30,C029,10747,547,127,40,3206.15,80.66
2025-05-31,C029,9776,501,123,41,3474.13,79.81
2025-06-01,C029,6877,326,59,17,1048.31,51.21
2025-06-02,C029,10806,247,50,16,1341.03,39.76
2025-06-03,C029,11266,507,109,30,1543.66,72.13
2025-06-04,C029,8806,397,75,19,1276.07,64.2
2025-06-05,C029,5226,275,43,13,1049.44,47.93
2025-06-06,C029,11047,698,90,23,1641.09,101.17
2025-06-07,C029,11088,510,97,25,1358.13,78.57
2025-06-08,C029,10675,536,124,28,1127.46,80.37
2025-06-09,C029,14340,580,123,38,1683.62,98.92
2025-06-10,C029,7617,344,80,19,763.32,53.27
2025-06-11,C029,5436,296,64,20,1371.37,55.1
2025-06-12,C029,7750,321,73,20,1639.4,45.59
2025-06-13,C029,9937,444,96,27,1764.25,65.22
2025-06-14,C029,7010,219,49,11,641.79,34.98
2025-06-15,C029,5070,224,47,13,1006.17,30.84
2025-06-16,C029,6234,253,37,10,760.13,33.16
2025-06-17,C029,6846,312,50,14,831.16,39.83
2025-06-18,C029,7709,316,72,25,1868.56,41.71
2025-06-19,C029,3531,184,27,6,365.77,28.83
2025-06-20,C029,8236,418,91,20,1634.65,57.66
2025-06-21,C029,12512,614,141,21,1231.04,102.25
2025-06-22,C029,5245,223,27,8,304.19,37.23
2025-01-16,C030,7268,278,37,8,456.16,205.69
2025-01-17,C030,3284,112,15,3,193.16,179.71
2025-01-18,C030,9415,341,54,12,966.5,205.69
2025-01-19,C030,3945,136,18,4,297.19,194.28
2025-01-20,C030,6786,180,26,4,316.62,205.69
2025-01-21,C030,9533,347,36,7,362.46,205.69
2025-01-22,C030,9685,365,55,12,839.45,205.69
2025-01-23,C030,5514,163,23,4,477.43,190.44
2025-01-24,C030,5651,183,24,5,336.72,205.69
2025-01-25,C030,6453,199,26,5,411.36,205.69
2025-01-26,C030,5814,223,27,6,560.9,205.69
2025-01-27,C030,7587,282,37,7,576.38,205.69
2025-01-28,C030,4778,180,22,4,304.95,197.1
2025-01-29,C030,9156,357,50,7,650.31,205.69
2025-01-30,C030,5347,194,29,5,431.09,205.69
2025-01-31,C030,3218,94,16,4,309.89,118.8
2025-02-01,C030,8879,223,28,7,409.66,205.69
2025-02-02,C030,8368,259,36,8,824.24,205.69
2025-02-03,C030,8855,279,31,7,629.49,205.69
2025-02-04,C030,3935,136,22,3,211.13,176.49
2025-02-05,C030,5685,214,31,5,248.2,205.69
2025-04-16,C031,9801,236,27,3,227.23,218.07
2025-04-17,C031,7246,160,14,2,94.17,144.77
2025-04-18,C031,7922,148,13,2,157.4,123.3
2025-04-19,C031,8018,123,8,1,71.85,103.54
2025-04-20,C031,5806,126,10,1,82.18,115.62
2025-04-21,C031,2735,64,6,1,57.36,44.81
2025-04-22,C031,7124,143,14,2,129.45,127.9
2025-04-23,C031,6846,146,15,2,131.42,97.55
2025-04-24,C031,6222,109,8,1,53.87,80.78
2025-04-25,C031,6866,123,12,2,157.62,107.72
2025-04-26,C031,13221,256,16,2,154.94,203.95
2025-04-27,C031,10808,197,20,3,211.19,182.51
2025-04-28,C031,6176,127,11,2,93.13,89.71
2025-04-29,C031,10768,187,17,3,170.79,147.71
2025-04-30,C031,10250,145,12,1,73.68,123.14
2025-05-01,C031,10099,164,14,1,58.29,146.59
2025-05-02,C031,9944,196,23,3,137.93,149.1
2025-05-03,C031,6757,123,13,2,149.72,126.94
2025-05-04,C031,5620,120,7,0,0.0,100.96
2025-05-05,C031,5955,106,10,1,56.71,78.86
2025-05-06,C031,8548,163,12,1,73.71,126.11
2025-05-07,C031,7689,113,10,2,156.37,97.36
2025-05-08,C031,5240,75,4,0,0.0,66.25
2025-05-09,C031,5586,96,10,1,60.32,67.25
2025-05-10,C031,11762,144,11,1,66.21,124.94
2025-05-11,C031,11572,211,22,3,328.25,169.23
2025-05-12,C031,6011,104,6,1,42.09,89.83
2025-05-13,C031,6745,134,16,2,131.91,105.66
2025-05-14,C031,6472,133,11,2,147.31,101.63
2025-05-15,C031,6638,136,9,1,59.95,123.49
2025-05-16,C031,13074,257,22,3,157.3,178.15
2025-05-17,C031,7661,136,12,1,80.75,125.22
2025-05-18,C031,8684,159,13,2,207.21,137.61
2025-05-19,C031,7110,151,15,2,141.85,141.62
2025-05-20,C031,9896,174,17,2,116.47,147.11
2025-05-21,C031,7522,111,9,1,68.53,91.11
2025-05-22,C031,7612,125,9,1,39.38,104.06
2025-05-23,C031,7976,105,8,1,82.55,92.21
2025-05-24,C031,6558,136,10,1,67.88,111.14
2025-05-25,C031,10160,197,15,2,159.69,157.6
2025-05-26,C031,5667,80,8,1,35.17,80.0
2025-05-27,C031,6100,142,12,1,51.3,100.97
2025-05-28,C031,7534,143,11,1,43.01,127.14
2025-05-29,C031,10488,189,14,2,127.08,167.63
2025-05-30,C031,4734,60,5,0,0.0,55.15
2025-05-31,C031,9202,141,13,2,150.41,128.82
2025-06-01,C031,6790,119,10,1,36.08,101.46
2025-06-02,C031,4250,85,6,0,0.0,79.55
2025-06-03,C031,7401,129,15,2,115.61,94.3
2025-06-04,C031,6545,87,8,1,75.22,77.22
2025-06-05,C031,6521,106,8,1,83.38,87.57
2025-06-06,C031,9986,155,7,1,63.35,120.34
2025-06-07,C031,5618,124,11,2,149.44,102.14
2025-08-29,C032,7804,403,92,24,1515.3,63.98
2025-08-30,C032,5775,222,42,12,916.31,28.78
2025-08-31,C032,7181,369,67,17,744.15,58.03
2025-09-01,C032,6143,263,61,14,710.24,44.39
2025-09-02,C032,8857,427,84,22,1565.19,71.49
2025-09-03,C032,6122,340,64,15,884.01,55.24
2025-09-04,C032,7701,398,81,20,1047.24,62.15
2025-09-05,C032,5126,265,49,16,702.14,39.03
2025-09-06,C032,6326,259,65,18,924.14,31.75
2025-09-07,C032,6319,251,48,8,479.05,41.52
2025-09-08,C032,5168,199,34,9,415.07,34.87
2025-09-09,C032,7938,459,91,27,1399.69,59.41
2025-09-10,C032,11702,586,122,29,2091.4,75.97
2025-09-11,C032,5828,354,90,23,1213.82,44.39
2025-09-12,C032,8814,452,102,27,1830.16,63.05
2025-09-13,C032,9099,443,93,26,1838.03,56.01
2025-09-14,C032,8029,267,50,13,1000.72,40.62
2025-09-15,C032,10443,424,86,26,1964.55,62.76
2025-09-16,C032,4068,172,22,7,477.98,24.16
2025-09-17,C032,9576,344,58,14,873.49,54.8
2025-09-18,C032,12793,575,132,33,1279.92,80.46
2025-09-19,C032,6873,255,47,14,1146.97,31.65
2025-09-20,C032,7057,361,69,17,1185.65,59.33
2025-09-21,C032,8128,383,73,19,1040.23,62.76
2025-09-22,C032,11229,626,133,34,2505.53,98.27
2025-09-23,C032,12071,611,127,35,2024.5,94.35
2025-09-24,C032,11443,543,101,26,1166.36,94.98
2025-09-25,C032,9538,450,94,25,1284.72,60.96
2025-09-26,C032,10052,543,131,34,2249.67,81.82
2025-09-27,C032,7515,373,69,18,1059.93,67.76
2025-09-28,C032,7853,337,60,16,1106.27,54.21
2025-09-29,C032,9909,547,122,31,2078.0,86.15
2025-09-30,C032,4170,119,24,7,326.08,19.72
2025-10-01,C032,9953,477,80,23,1591.03,67.63
2025-10-02,C032,6100,225,52,13,1066.52,26.58
2025-10-03,C032,9667,365,71,18,947.84,56.09
2025-10-04,C032,6519,320,61,14,1029.96,51.51
2025-10-05,C032,4643,173,37,10,706.39,25.1
2025-10-06,C032,7185,291,59,12,648.58,48.06
2025-10-07,C032,7069,184,33,9,740.33,24.37
2025-10-08,C032,8566,335,63,18,772.67,47.96
2025-10-09,C032,7997,349,70,21,1478.89,49.44
2025-10-10,C032,9391,474,82,19,1083.29,71.53
2025-10-11,C032,5940,329,71,17,872.24,50.83
2025-04-01,C033,7832,156,16,2,142.03,127.78
2025-04-02,C033,8711,184,20,3,199.51,152.44
2025-04-03,C033,7732,131,12,2,102.13,101.07
2025-04-04,C033,9440,152,13,2,161.41,110.26
2025-04-05,C033,12775,223,16,2,148.96,161.92
2025-04-06,C033,14972,270,21,2,184.2,248.96
2025-04-07,C033,9508,209,16,2,143.81,202.21
2025-04-08,C033,6814,124,8,0,0.0,101.45
2025-04-09,C033,9120,205,19,3,224.51,179.52
2025-04-10,C033,5576,117,6,0,0.0,91.6
2025-04-11,C033,10944,236,19,2,101.27,214.74
2025-04-12,C033,4669,85,8,1,67.0,69.56
2025-04-13,C033,11609,236,19,3,144.61,191.33
2025-04-14,C033,5986,132,10,1,88.63,111.89
2025-04-15,C033,10490,192,19,3,178.0,147.55
2025-04-16,C033,9137,197,16,1,58.82,176.62
2025-04-17,C033,8754,142,14,2,151.95,122.62
2025-04-18,C033,10083,151,14,2,167.42,133.69
2025-04-19,C033,7017,116,10,1,52.72,87.46
2025-04-20,C033,1774,31,3,0,0.0,26.74
2025-04-21,C033,4907,69,5,0,0.0,62.54
2025-04-22,C033,8561,123,8,0,0.0,101.02
2025-04-23,C033,6811,95,10,1,77.27,89.54
2025-04-24,C033,8116,160,14,2,99.83,143.53
2025-04-25,C033,9198,192,19,3,230.2,174.43
2025-04-26,C033,11921,220,22,3,149.52,196.22
2025-04-27,C033,6898,135,14,1,81.9,85.64
2025-04-28,C033,11855,200,18,3,133.97,171.23
2025-04-29,C033,12394,173,14,1,53.93,163.63
2025-04-30,C033,7208,117,9,1,50.8,96.88
2025-05-01,C033,6376,117,10,1,66.04,120.92
2025-05-02,C033,7488,112,8,1,62.58,97.48
2025-05-03,C033,11239,228,22,3,247.21,177.33
2025-05-04,C033,8879,146,10,1,62.2,93.93
2025-05-05,C033,6495,133,12,1,61.76,110.4
2025-05-06,C033,7054,110,8,0,0.0,95.4
2025-05-07,C033,10649,274,24,3,150.95,249.12
2025-05-08,C033,8487,121,11,1,69.89,95.82
2025-05-09,C033,12149,174,17,1,77.09,120.24
2025-05-10,C033,5082,87,8,0,0.0,70.15
2025-05-11,C033,10298,146,12,2,155.43,112.7
2025-05-12,C033,6086,98,6,0,0.0,80.13
2025-05-13,C033,6675,168,15,2,119.73,139.1
2025-05-14,C033,5194,90,9,1,68.0,81.92
2025-05-15,C033,7152,130,11,1,62.92,114.61
2025-05-16,C033,8434,182,13,2,169.2,140.97
2025-05-17,C033,9059,171,14,1,92.15,154.53
2025-05-18,C033,6295,114,10,1,77.99,89.32
2025-08-29,C034,6055,58,4,0,0.0,66.02
2025-08-30,C034,9953,133,11,1,70.76,126.87
2025-08-31,C034,4394,62,5,0,0.0,65.57
2025-09-01,C034,9454,133,10,1,59.82,93.12
2025-09-02,C034,4839,87,8,1,56.19,74.32
2025-09-03,C034,10163,124,6,0,0.0,137.35
2025-09-04,C034,10966,154,8,1,66.33,144.32
2025-09-05,C034,5678,65,6,1,58.97,63.49
2025-09-06,C034,8981,165,10,1,65.36,165.02
2025-09-07,C034,15889,213,18,2,103.08,207.83
2025-09-08,C034,8832,104,7,0,0.0,101.9
2025-09-09,C034,10177,120,8,1,57.06,114.34
2025-09-10,C034,9844,166,15,2,97.41,188.06
2025-09-11,C034,7769,136,10,1,76.44,117.29
2025-09-12,C034,10178,209,14,2,118.41,173.9
2025-09-13,C034,9122,103,8,1,61.81,92.55
2025-09-14,C034,9138,132,12,1,42.45,118.35
2025-09-15,C034,10604,183,18,2,136.01,148.56
2025-09-16,C034,6366,88,10,1,48.81,87.01
2025-09-17,C034,5934,114,10,1,54.38,104.93
2025-09-18,C034,10605,66,7,1,63.05,69.51
2025-09-19,C034,10465,135,8,1,75.89,119.94
2025-09-20,C034,11498,147,11,1,58.23,117.67
2025-09-21,C034,9650,140,13,2,153.69,145.16
2025-09-22,C034,7118,99,8,1,66.35,92.91
2025-09-23,C034,12321,199,15,1,48.88,176.17
2025-09-24,C034,10064,105,7,1,48.38,104.08
2025-09-25,C034,6912,97,8,0,0.0,96.46
2025-09-26,C034,4741,48,3,0,0.0,53.19
2025-09-27,C034,7890,152,12,1,57.15,150.6
2025-09-28,C034,10704,129,8,1,42.41,116.87
2025-09-29,C034,10060,127,10,1,60.55,106.13
2025-09-30,C034,13156,215,16,3,144.6,228.05
2025-10-01,C034,6906,73,6,0,0.0,76.92
2025-10-02,C034,8958,143,8,0,0.0,144.41
2025-10-03,C034,9760,128,8,1,55.49,118.27
2025-10-04,C034,11232,141,9,1,23.3,125.86
2025-10-05,C034,11038,142,10,1,51.97,129.47
2025-10-06,C034,7719,99,6,0,0.0,96.93
2025-10-07,C034,8262,131,12,1,66.52,151.64
2025-10-08,C034,5962,60,6,1,48.09,52.85
2025-10-09,C034,10255,110,6,1,62.69,109.25
2025-10-10,C034,8815,89,6,0,0.0,81.99
2025-10-11,C034,8162,102,6,0,0.0,93.99
2025-10-12,C034,7718,102,7,0,0.0,84.95
2025-10-13,C034,6321,82,7,1,72.33,80.47
2025-10-14,C034,4566,60,4,0,0.0,58.51
2025-10-15,C034,10043,137,12,1,39.95,100.43
2025-10-16,C034,9588,155,11,1,57.57,168.51
2025-10-17,C034,10667,158,15,2,108.77,148.16
2025-10-18,C034,7117,79,7,1,75.87,62.82
2025-10-19,C034,6284,68,4,0,0.0,63.02
2025-10-20,C034,4281,72,6,1,63.68,50.33
2025-10-21,C034,6660,87,6,0,0.0,86.42
2025-10-22,C034,6211,89,5,0,0.0,71.29
2025-10-23,C034,10384,98,6,0,0.0,94.98
2025-10-24,C034,6700,85,6,0,0.0,67.78
2025-10-25,C034,8529,114,6,0,0.0,106.04
2025-10-26,C034,6100,84,5,0,0.0,82.36
2025-10-27,C034,5262,80,6,0,0.0,68.77
2025-10-28,C034,5142,80,7,0,0.0,61.02
2025-10-29,C034,6526,73,5,0,0.0,61.4
2025-10-30,C034,5342,58,4,0,0.0,61.07
2025-10-31,C034,2671,33,3,0,0.0,28.66
2025-11-01,C034,9092,137,8,0,0.0,119.68
2025-11-02,C034,6724,96,6,0,0.0,93.26
2025-05-31,C035,9319,382,65,18,871.9,63.48
2025-06-01,C035,7584,369,72,15,720.76,61.2
2025-06-02,C035,4362,208,38,9,423.29,34.32
2025-06-03,C035,4496,206,50,15,760.18,35.63
2025-06-04,C035,6658,325,56,17,930.42,52.14
2025-06-05,C035,6351,264,61,16,1219.85,41.61
2025-06-06,C035,8924,458,98,18,882.23,78.21
2025-06-07,C035,9103,461,82,16,864.95,83.52
2025-06-08,C035,6424,237,56,15,800.46,40.57
2025-06-09,C035,6467,226,53,14,589.42,27.86
2025-06-10,C035,4748,134,22,5,276.78,23.5
2025-06-11,C035,7364,361,69,20,1288.47,54.81
2025-06-12,C035,13029,472,99,24,1594.66,61.06
2025-06-13,C035,7582,402,86,27,1770.14,61.34
2025-06-14,C035,10534,561,111,30,2412.45,83.98
2025-06-15,C035,10641,470,82,24,1452.65,83.49
2025-06-16,C035,7731,393,82,27,1474.24,60.06
2025-06-17,C035,8351,315,68,20,1533.59,47.2
2025-06-18,C035,9525,367,85,27,2061.15,57.12
2025-06-19,C035,8185,393,71,23,1565.77,53.69
2025-06-20,C035,10710,387,67,22,1831.83,63.91
2025-06-21,C035,14862,735,154,46,3219.05,102.07
2025-06-22,C035,14707,637,121,36,1910.67,82.97
2025-06-23,C035,8840,399,72,24,1713.81,58.41
2025-06-24,C035,6913,343,70,19,1208.07,55.35
2025-06-25,C035,9792,362,100,26,1650.58,57.38
2025-06-26,C035,8509,382,65,19,776.71,67.34
2025-06-27,C035,11396,352,62,20,2232.9,59.11
2025-06-28,C035,13131,500,114,26,1202.0,65.45
2025-06-29,C035,11257,515,102,23,1214.79,72.46
2025-06-30,C035,6396,231,50,15,678.26,33.62
2025-07-01,C035,8052,390,79,25,1615.12,55.98
2025-07-02,C035,8789,388,62,20,1480.21,52.12
2025-07-03,C035,7685,273,39,9,509.87,35.05
2025-07-04,C035,10918,565,110,22,1534.09,85.99
2025-07-05,C035,14622,560,63,14,937.02,84.23
2025-07-06,C035,5195,218,35,10,559.81,30.65
2025-07-07,C035,7727,350,72,20,1202.38,47.08
2025-07-08,C035,6491,400,63,16,995.18,58.18
2025-07-09,C035,8102,349,78,27,2110.63,51.63
2025-07-10,C035,7691,355,61,19,1206.89,53.01
2025-07-11,C035,6485,192,35,8,516.01,34.21
2025-07-12,C035,12355,620,144,51,2655.65,85.59
2025-07-13,C035,9076,424,81,20,1615.47,56.6
2025-07-14,C035,8791,283,49,12,814.66,40.89
2025-07-15,C035,4515,288,58,17,924.87,40.38
2025-07-16,C035,4557,215,35,9,478.94,29.07
2025-07-17,C035,2565,108,21,4,317.85,15.24
2025-07-18,C035,5608,248,59,22,1542.13,41.25
2025-07-19,C035,9765,563,125,35,2284.6,69.07
2025-07-20,C035,4835,153,31,7,426.39,23.27
2025-07-21,C035,5105,266,52,15,696.05,39.19
2025-07-22,C035,8820,339,62,14,741.88,43.74
2025-07-23,C035,7026,271,53,14,1034.21,38.16
2025-07-24,C035,4486,160,34,9,555.02,27.06
2025-07-25,C035,4132,207,42,10,649.98,25.69
2025-07-26,C035,8903,338,61,12,686.04,48.25
2025-01-01,C036,7204,398,79,21,1392.44,59.58
2025-01-02,C036,5306,226,46,12,762.8,28.73
2025-01-03,C036,7902,518,97,28,2674.46,79.21
2025-01-04,C036,6377,365,60,17,938.78,53.71
2025-01-05,C036,9404,402,65,21,1151.84,62.32
2025-01-06,C036,9191,250,55,15,854.79,37.09
2025-01-07,C036,6366,216,41,11,815.14,29.74
2025-01-08,C036,10980,455,75,16,1029.05,63.22
2025-01-09,C036,7297,275,56,14,855.46,45.32
2025-01-10,C036,8045,375,55,16,1007.22,61.27
2025-01-11,C036,9103,485,92,26,1487.3,76.11
2025-01-12,C036,12042,738,166,57,2406.63,94.97
2025-01-13,C036,7647,331,49,16,1396.5,56.01
2025-01-14,C036,9459,361,72,26,1474.35,51.69
2025-01-15,C036,11644,444,85,22,1360.7,73.95
2025-01-16,C036,9203,421,113,33,1973.98,66.78
2025-01-17,C036,4361,187,35,7,420.76,22.25
2025-01-18,C036,9523,436,81,22,1131.56,65.47
2025-01-19,C036,7417,349,72,19,1720.2,51.61
2025-01-20,C036,7166,266,58,14,756.99,37.75
2025-01-21,C036,4198,173,39,11,880.43,27.9
2025-01-22,C036,13007,575,116,32,2554.69,86.27
2025-01-23,C036,8898,341,73,21,1232.48,54.04
2025-01-24,C036,7255,299,85,24,1289.38,38.67
2025-01-25,C036,10399,401,84,25,1718.36,60.27
2025-01-26,C036,10658,508,108,35,2159.09,69.98
2025-01-27,C036,10081,307,44,14,1113.64,40.22
2025-01-28,C036,7962,341,71,16,759.87,49.61
2025-01-29,C036,6248,321,60,15,966.73,47.53
2025-01-30,C036,7501,252,48,13,596.22,32.55
2025-01-31,C036,7399,245,56,14,1050.39,36.85
2025-02-01,C036,10098,237,39,10,654.5,29.19
2025-02-02,C036,7462,349,69,21,1554.32,54.75
2025-02-03,C036,9078,616,100,25,1799.91,99.36
2025-02-04,C036,10981,308,76,20,1524.0,36.81
2025-02-05,C036,7829,388,81,23,1105.86,57.87
2025-02-06,C036,9557,506,103,23,1433.19,95.72
2025-02-07,C036,2816,128,29,7,387.71,18.69
2025-02-08,C036,7516,410,81,19,1419.62,52.0
2025-02-09,C036,7781,485,87,16,862.43,76.06
2025-02-10,C036,14188,800,164,39,3151.71,115.58
2025-02-11,C036,6812,237,44,11,769.05,34.17
2025-02-12,C036,4196,195,39,10,552.97,30.39
2025-02-13,C036,7597,347,79,19,1155.38,51.85
2025-02-14,C036,6974,315,68,15,916.82,53.78
2025-02-15,C036,14815,525,112,29,1869.44,72.67
2025-02-16,C036,6491,330,68,20,1272.79,51.5
2025-02-17,C036,7603,347,87,24,1476.46,52.59
2025-02-18,C036,6585,307,56,15,770.34,46.55
2025-02-19,C036,7582,217,47,13,635.47,35.07
2025-02-20,C036,7708,343,45,12,672.53,48.59
2025-02-21,C036,6430,264,38,12,696.23,36.7
2025-02-22,C036,8491,292,59,15,818.85,38.97
2025-02-23,C036,7563,354,62,17,1221.27,44.27
2025-02-24,C036,5365,195,40,10,461.55,33.12
2025-02-25,C036,4042,133,28,7,555.15,21.18
2025-02-26,C036,5288,259,41,13,859.95,35.65
2025-02-27,C036,11387,492,106,27,1675.12,62.68
2025-02-28,C036,6683,398,58,15,1150.73,58.26
2025-03-01,C036,5846,218,31,7,342.51,33.09
2025-03-02,C036,5903,244,48,12,576.55,36.91
2025-03-03,C036,7361,294,57,11,652.29,42.33
2025-03-04,C036,4516,188,43,14,695.48,26.74
2025-03-05,C036,6916,319,64,19,1020.75,54.38
2025-03-06,C036,4776,206,48,12,871.02,28.97
2025-03-07,C036,6269,237,53,15,755.13,35.3
2025-03-08,C036,6820,411,77,23,1409.86,61.8
2025-08-14,C037,5578,153,16,2,168.4,169.97
2025-08-15,C037,9371,163,21,3,218.88,168.76
2025-08-16,C037,9884,342,36,7,495.59,441.3
2025-08-17,C037,6913,156,11,1,95.87,160.34
2025-08-18,C037,10521,272,30,4,239.89,326.34
2025-08-19,C037,8222,218,31,5,462.38,243.0
2025-08-20,C037,6363,170,17,3,261.34,194.08
2025-08-21,C037,7291,161,17,3,202.19,160.12
2025-08-22,C037,7989,261,28,5,389.04,263.44
2025-08-23,C037,13642,370,46,9,668.69,414.59
2025-08-24,C037,11314,222,25,4,258.07,275.85
2025-08-25,C037,4711,140,12,1,82.72,156.44
2025-08-26,C037,7442,145,13,2,104.37,164.4
2025-08-27,C037,7853,209,24,4,260.74,234.13
2025-08-28,C037,3347,97,10,2,103.97,103.33
2025-08-29,C037,8290,161,15,3,183.57,160.66
2025-08-30,C037,12766,375,46,8,537.09,385.77
2025-08-31,C037,8365,200,23,5,377.88,259.47
2025-09-01,C037,4156,121,11,2,90.45,121.13
2025-09-02,C037,6083,146,16,3,238.43,134.55
2025-09-03,C037,9216,235,25,4,241.25,253.79
2025-09-04,C037,7961,168,18,2,91.76,178.43
2025-09-05,C037,9857,264,19,3,213.92,271.09
2025-09-06,C037,10444,219,25,5,334.04,220.0
2025-09-07,C037,11692,236,28,4,293.56,244.95
2025-09-08,C037,11064,214,25,5,397.99,204.07
2025-09-09,C037,6016,160,18,2,115.56,161.72
2025-09-10,C037,12738,275,25,3,236.69,301.25
2025-09-11,C037,7178,160,18,4,310.85,174.36
2025-09-12,C037,5490,161,19,3,260.96,177.47
2025-09-13,C037,12053,303,28,5,408.94,316.36
2025-09-14,C037,8012,237,27,4,267.46,284.98
2025-09-15,C037,5640,144,20,3,230.8,162.52
2025-09-16,C037,8597,205,21,2,139.32,245.77
2025-09-17,C037,11226,322,35,6,379.15,302.11
2025-09-18,C037,8726,296,35,5,249.24,318.87
2025-09-19,C037,8935,254,27,5,238.19,324.22
2025-09-20,C037,10122,250,27,4,294.31,287.58
2025-09-21,C037,14650,403,55,10,850.84,462.31
2025-09-22,C037,8107,229,25,5,410.58,251.31
2025-09-23,C037,7490,184,17,2,130.58,191.01
2025-09-24,C037,6163,175,25,5,428.58,185.23
2025-09-25,C037,8962,205,21,4,341.06,227.02
2025-09-26,C037,6291,121,13,2,132.42,136.32
2025-09-27,C037,10034,204,21,4,368.41,218.3
2025-09-28,C037,11497,288,37,8,714.6,331.32
2025-09-29,C037,8309,298,36,8,524.16,355.48
2025-09-30,C037,6469,163,12,2,117.15,175.4
2025-10-01,C037,14241,274,32,6,391.62,306.77
2025-10-02,C037,5077,107,12,2,120.16,108.35
2025-10-03,C037,8699,223,30,5,363.52,236.61
2025-10-04,C037,7100,248,20,4,285.04,287.87
2025-10-05,C037,11347,256,30,7,403.05,341.25
2025-10-06,C037,6485,141,14,1,64.19,151.02
2025-10-07,C037,7041,175,17,3,224.91,193.91
2025-10-08,C037,6358,163,14,2,156.22,189.56
2025-10-09,C037,7522,161,15,2,181.93,179.99
2025-10-10,C037,8709,214,31,5,279.18,231.48
2025-10-11,C037,5766,220,25,5,317.67,228.02
2025-10-12,C037,4835,99,10,2,129.51,113.43
2025-10-13,C037,8249,153,18,3,248.85,154.51
2025-10-14,C037,6008,128,11,1,71.82,130.14
2025-10-15,C037,3130,75,9,1,68.78,84.51
2025-10-16,C037,7484,267,30,7,423.34,256.96
2025-10-17,C037,5064,186,19,3,172.26,227.92
2025-01-31,C038,7104,65,4,0,0.0,62.15
2025-02-01,C038,15159,210,16,2,111.28,169.85
2025-02-02,C038,4025,67,4,0,0.0,74.71
2025-02-03,C038,4393,75,7,0,0.0,64.8
2025-02-04,C038,7613,99,5,0,0.0,92.09
2025-02-05,C038,5646,70,6,0,0.0,66.81
2025-02-06,C038,6499,85,6,0,0.0,84.44
2025-02-07,C038,10465,96,9,1,82.74,104.61
2025-02-08,C038,9982,124,9,1,72.13,128.35
2025-02-09,C038,14799,193,11,1,76.39,181.94
2025-02-10,C038,7087,91,6,0,0.0,90.21
2025-02-11,C038,7552,77,4,0,0.0,82.95
2025-02-12,C038,7536,90,5,0,0.0,92.69
2025-02-13,C038,6739,107,7,0,0.0,105.62
2025-02-14,C038,7225,91,6,0,0.0,93.51
2025-02-15,C038,8625,137,7,0,0.0,137.33
2025-02-16,C038,8810,106,9,1,58.37,95.29
2025-02-17,C038,7402,99,6,0,0.0,78.85
2025-02-18,C038,9287,133,11,1,72.75,122.64
2025-02-19,C038,10136,154,13,2,135.03,139.82
2025-02-20,C038,8057,97,6,0,0.0,110.45
2025-02-21,C038,12038,180,14,1,59.06,203.36
2025-02-22,C038,13108,145,9,1,74.08,160.23
2025-02-23,C038,9808,175,11,1,64.46,151.91
2025-02-24,C038,6753,118,12,1,55.84,105.38
2025-02-25,C038,7543,103,8,1,56.76,96.04
2025-02-26,C038,7354,117,6,1,60.6,117.93
2025-02-27,C038,7575,88,5,0,0.0,78.72
2025-02-28,C038,3743,48,4,0,0.0,42.6
2025-03-01,C038,4486,74,5,0,0.0,58.84
2025-03-02,C038,12096,129,9,1,44.89,97.99
2025-03-03,C038,8782,136,12,1,59.68,125.73
2025-03-04,C038,7235,89,3,0,0.0,72.0
2025-03-05,C038,7123,92,6,0,0.0,77.81
2025-03-06,C038,8064,109,9,1,53.48,106.72
2025-03-07,C038,6255,75,6,0,0.0,59.8
2025-03-08,C038,5774,80,4,0,0.0,78.8
2025-03-09,C038,5992,67,5,0,0.0,62.47
2025-03-10,C038,4558,59,4,0,0.0,57.88
2025-03-11,C038,8209,138,12,1,51.81,128.39
2025-03-12,C038,7261,116,9,1,52.35,119.96
2025-03-13,C038,8398,120,10,1,61.34,117.43
2025-03-14,C038,5889,63,4,0,0.0,60.34
2025-03-15,C038,5687,87,6,1,57.71,72.97
2025-03-16,C038,7783,100,6,0,0.0,101.21
2025-03-17,C038,6943,139,8,0,0.0,161.91
2025-01-31,C039,11510,345,43,8,499.24,283.23
2025-02-01,C039,7921,315,33,7,404.36,283.23
2025-02-02,C039,6667,242,35,7,556.4,283.23
2025-02-03,C039,7688,245,30,6,610.11,283.23
2025-02-04,C039,8006,256,37,7,650.69,283.23
2025-02-05,C039,6662,220,37,8,860.94,283.23
2025-02-06,C039,11737,298,31,6,516.23,283.23
2025-02-07,C039,9511,453,73,16,1505.84,283.23
2025-02-08,C039,6227,195,27,6,254.39,257.47
2025-02-09,C039,10535,476,68,12,565.11,283.23
2025-02-10,C039,8844,387,41,9,838.18,283.23
2025-02-11,C039,4881,131,19,4,136.28,171.53
2025-02-12,C039,9468,340,44,8,589.98,283.23
2025-02-13,C039,10595,376,61,12,631.54,283.23
2025-02-14,C039,9707,262,46,11,767.11,283.23
2025-02-15,C039,8180,402,51,14,997.78,283.23
2025-02-16,C039,9181,367,56,14,935.0,283.23
2025-02-17,C039,8383,323,43,9,677.26,283.23
2025-02-18,C039,8932,306,52,13,1017.79,283.23
2025-02-19,C039,12023,344,48,11,763.32,283.23
2025-02-20,C039,7063,215,36,7,463.73,283.23
2025-02-21,C039,8746,355,40,10,738.68,283.23
2025-02-22,C039,6408,156,19,4,239.09,177.99
2025-02-23,C039,7914,259,35,8,739.91,283.23
2025-02-24,C039,5328,209,27,6,462.39,283.23
2025-02-25,C039,11636,377,52,10,517.13,283.23
2025-02-26,C039,8035,347,43,6,533.45,283.23
2025-02-27,C039,8100,303,47,11,903.52,283.23
2025-02-28,C039,5064,227,25,5,272.4,283.23
2025-03-01,C039,7605,320,46,9,648.21,283.23
2025-03-02,C039,6833,209,31,7,409.18,283.23
2025-03-03,C039,8559,328,38,7,461.39,283.23
2025-03-04,C039,4993,130,19,4,302.25,180.25
2025-03-05,C039,6725,342,56,11,728.8,283.23
2025-03-06,C039,9140,288,31,5,402.89,283.23
2025-03-07,C039,7340,301,44,10,430.73,283.23
2025-03-08,C039,9006,421,57,11,495.73,283.23
2025-03-09,C039,11701,355,65,15,881.73,283.23
2025-03-10,C039,6364,256,40,9,663.81,283.23
2025-03-11,C039,6208,143,20,4,219.24,186.62
2025-03-12,C039,8287,301,48,10,462.66,283.23
2025-05-16,C040,6087,88,8,1,80.69,86.66
2025-05-17,C040,5032,71,4,0,0.0,57.4
2025-05-18,C040,8941,117,8,1,84.3,99.2
2025-05-19,C040,3158,66,5,0,0.0,48.03
2025-05-20,C040,6164,86,7,1,98.22,60.64
2025-05-21,C040,7917,116,10,1,69.31,112.25
2025-05-22,C040,4399,100,10,1,84.77,68.71
2025-05-23,C040,10422,165,20,3,114.54,145.6
2025-05-24,C040,10258,202,16,3,242.33,157.48
2025-05-25,C040,9728,163,13,2,107.01,107.62
2025-05-26,C040,4069,60,3,0,0.0,49.87
2025-05-27,C040,5094,80,7,1,79.19,74.56
2025-05-28,C040,4139,64,5,0,0.0,54.78
2025-05-29,C040,8929,160,11,2,159.79,146.96
2025-05-30,C040,8229,140,15,2,75.64,124.41
2025-05-31,C040,10371,200,13,2,141.73,176.18
2025-06-01,C040,13431,259,23,4,394.01,240.3
2025-06-02,C040,9121,171,15,3,173.44,162.14
2025-06-03,C040,5090,88,7,1,69.24,67.16
2025-06-04,C040,12143,280,26,4,310.27,224.26
2025-06-05,C040,7970,105,9,1,64.7,92.5
2025-06-06,C040,7536,127,10,1,59.91,105.83
2025-06-07,C040,11016,160,17,3,167.23,152.65
2025-06-08,C040,9597,183,16,2,141.09,150.3
2025-06-09,C040,7177,120,12,2,126.54,112.43
2025-06-10,C040,9004,158,17,2,127.22,117.68
2025-06-11,C040,7926,130,10,1,50.99,85.71
2025-06-12,C040,4359,90,9,1,85.67,76.31
2025-06-13,C040,9107,94,8,1,75.28,75.78
2025-06-14,C040,12794,226,28,4,326.54,206.74
2025-06-15,C040,8213,174,16,2,91.5,157.6
2025-06-16,C040,8910,170,14,2,129.42,137.79
2025-06-17,C040,13577,201,23,3,205.2,186.18
2025-06-18,C040,6366,102,9,1,66.95,85.63
2025-06-19,C040,10777,195,17,3,211.05,157.22
2025-06-20,C040,4481,73,6,0,0.0,58.52
2025-06-21,C040,10594,237,17,2,84.18,171.75
2025-06-22,C040,12287,190,15,2,137.01,148.82
2025-06-23,C040,10323,189,15,2,169.59,187.38
2025-06-24,C040,10180,201,20,3,196.37,186.84
2025-06-25,C040,13476,251,22,2,92.17,204.94
2025-06-26,C040,9010,123,10,1,84.38,98.19
2025-06-27,C040,9472,198,20,3,134.79,164.4
2025-06-28,C040,10420,162,17,2,110.96,131.39
2025-06-29,C040,13834,296,22,3,176.2,256.24
2025-06-30,C040,7170,120,9,1,83.14,86.57
2025-07-01,C040,11469,199,16,2,109.23,168.77
2025-07-02,C040,3871,67,4,0,0.0,67.51
2025-07-03,C040,10185,196,16,1,90.12,149.12
2025-07-04,C040,10522,156,14,2,177.77,125.8
2025-07-05,C040,8505,148,15,2,89.97,131.57
2025-07-06,C040,8866,166,17,3,173.41,140.27
2025-07-07,C040,4303,75,8,0,0.0,63.39
2025-07-08,C040,6042,80,5,0,0.0,64.6
2025-07-09,C040,7762,148,15,2,99.78,116.83
2025-07-10,C040,11387,176,14,2,152.85,159.78
2025-07-11,C040,5770,107,11,1,67.7,81.62
2025-07-12,C040,10655,228,20,3,142.79,152.12
2025-07-13,C040,9722,181,13,1,82.45,180.62
2025-07-14,C040,7678,142,12,2,123.67,135.68
2025-07-15,C040,7333,164,15,2,173.52,156.81
2025-07-16,C040,395,7,0,0,0.0,6.11
2025-07-17,C040,6943,158,15,2,149.43,149.84
2025-07-18,C040,7408,157,14,2,165.86,125.1
2025-07-19,C040,4794,96,7,1,71.44,75.12
2025-07-20,C040,6079,103,8,1,71.67,90.98
2025-07-21,C040,3419,64,6,1,75.5,62.96
2025-07-22,C040,11944,334,22,2,135.8,298.22
2025-07-23,C040,7386,126,10,1,65.28,116.13
2025-07-24,C040,5491,108,9,1,55.49,81.37
2025-07-25,C040,7050,107,11,2,118.92,104.48
2025-07-26,C040,6333,96,9,1,67.07,74.99
2025-07-27,C040,9763,172,20,3,264.86,122.43
2025-07-28,C040,4980,114,10,1,50.18,87.09
2025-07-29,C040,7785,132,10,1,52.64,117.34
